-- --------------------------------------------------------
-- Host:                         127.0.0.1
-- Server version:               10.1.25-MariaDB - mariadb.org binary distribution
-- Server OS:                    Win32
-- HeidiSQL Version:             9.4.0.5125
-- --------------------------------------------------------

/*!40101 SET @OLD_CHARACTER_SET_CLIENT=@@CHARACTER_SET_CLIENT */;
/*!40101 SET NAMES utf8 */;
/*!50503 SET NAMES utf8mb4 */;
/*!40014 SET @OLD_FOREIGN_KEY_CHECKS=@@FOREIGN_KEY_CHECKS, FOREIGN_KEY_CHECKS=0 */;
/*!40101 SET @OLD_SQL_MODE=@@SQL_MODE, SQL_MODE='NO_AUTO_VALUE_ON_ZERO' */;


-- Dumping database structure for mentori
CREATE DATABASE IF NOT EXISTS `mentori` /*!40100 DEFAULT CHARACTER SET latin1 */;
USE `mentori`;

-- Dumping structure for table mentori.account_details
CREATE TABLE IF NOT EXISTS `account_details` (
  `account_id` int(11) NOT NULL AUTO_INCREMENT,
  `bank_name` varchar(255) DEFAULT NULL,
  `account_type` varchar(255) DEFAULT NULL,
  `routing` varchar(255) DEFAULT NULL,
  `beneficiary_name` varchar(255) DEFAULT NULL,
  `account_no` varchar(255) DEFAULT NULL,
  `last_updated` timestamp NULL DEFAULT CURRENT_TIMESTAMP ON UPDATE CURRENT_TIMESTAMP,
  `applicant_id` int(11) DEFAULT NULL,
  `status` int(11) DEFAULT '1',
  PRIMARY KEY (`account_id`)
) ENGINE=InnoDB DEFAULT CHARSET=latin1;

-- Dumping data for table mentori.account_details: ~0 rows (approximately)
/*!40000 ALTER TABLE `account_details` DISABLE KEYS */;
/*!40000 ALTER TABLE `account_details` ENABLE KEYS */;

-- Dumping structure for table mentori.ad_spaces
CREATE TABLE IF NOT EXISTS `ad_spaces` (
  `id` int(11) NOT NULL AUTO_INCREMENT,
  `ad_space` text,
  `ad_code_728` text,
  `ad_code_468` text,
  `ad_code_300` text,
  `ad_code_234` text,
  PRIMARY KEY (`id`)
) ENGINE=InnoDB AUTO_INCREMENT=17 DEFAULT CHARSET=utf8;

-- Dumping data for table mentori.ad_spaces: ~16 rows (approximately)
/*!40000 ALTER TABLE `ad_spaces` DISABLE KEYS */;
INSERT INTO `ad_spaces` (`id`, `ad_space`, `ad_code_728`, `ad_code_468`, `ad_code_300`, `ad_code_234`) VALUES
	(1, 'index_top', NULL, NULL, NULL, NULL),
	(2, 'index_bottom', NULL, NULL, NULL, NULL),
	(3, 'post_top', NULL, NULL, NULL, NULL),
	(4, 'post_bottom', NULL, NULL, NULL, NULL),
	(5, 'category_top', NULL, NULL, NULL, NULL),
	(6, 'category_bottom', NULL, NULL, NULL, NULL),
	(7, 'tag_top', NULL, NULL, NULL, NULL),
	(8, 'tag_bottom', NULL, NULL, NULL, NULL),
	(9, 'search_top', NULL, NULL, NULL, NULL),
	(10, 'search_bottom', NULL, NULL, NULL, NULL),
	(11, 'profile_top', NULL, NULL, NULL, NULL),
	(12, 'profile_bottom', NULL, NULL, NULL, NULL),
	(13, 'reading_list_top', NULL, NULL, NULL, NULL),
	(14, 'reading_list_bottom', NULL, NULL, NULL, NULL),
	(15, 'sidebar_top', NULL, NULL, NULL, NULL),
	(16, 'sidebar_bottom', NULL, NULL, NULL, NULL);
/*!40000 ALTER TABLE `ad_spaces` ENABLE KEYS */;

-- Dumping structure for table mentori.applicants
CREATE TABLE IF NOT EXISTS `applicants` (
  `id` int(11) NOT NULL AUTO_INCREMENT,
  `first_name` varchar(50) NOT NULL,
  `last_name` varchar(50) NOT NULL,
  `username` varchar(50) DEFAULT NULL,
  `email` varchar(75) NOT NULL,
  `password` text NOT NULL,
  `profile_img` text NOT NULL,
  `is_verified` int(1) NOT NULL DEFAULT '0' COMMENT '( 0 - Not Verified , 1 - Verified )',
  `mobile_verified` tinyint(1) NOT NULL,
  `profile_updated` int(1) NOT NULL DEFAULT '0' COMMENT '	(0 - Not Updated , 1 - Updated)',
  `delete_sts` int(1) NOT NULL DEFAULT '0' COMMENT '(0 - Active , 1-Inactive)',
  `last_update_timestamp` datetime DEFAULT NULL,
  `verification_code` varchar(20) NOT NULL,
  `role` tinyint(1) NOT NULL,
  `type` varchar(20) DEFAULT NULL,
  `otp` bigint(20) DEFAULT NULL,
  `temp_mobile_no` varchar(255) DEFAULT NULL,
  `mobile_number` varchar(255) DEFAULT NULL,
  `created_date` datetime NOT NULL,
  `modified` timestamp NOT NULL DEFAULT CURRENT_TIMESTAMP ON UPDATE CURRENT_TIMESTAMP,
  `logged_in` int(11) NOT NULL,
  `logged_by` varchar(255) NOT NULL,
  `call_status` int(11) NOT NULL DEFAULT '0',
  `invite_id` int(11) NOT NULL,
  `source` varchar(255) NOT NULL,
  PRIMARY KEY (`id`)
) ENGINE=InnoDB AUTO_INCREMENT=15 DEFAULT CHARSET=latin1;

-- Dumping data for table mentori.applicants: ~13 rows (approximately)
/*!40000 ALTER TABLE `applicants` DISABLE KEYS */;
INSERT INTO `applicants` (`id`, `first_name`, `last_name`, `username`, `email`, `password`, `profile_img`, `is_verified`, `mobile_verified`, `profile_updated`, `delete_sts`, `last_update_timestamp`, `verification_code`, `role`, `type`, `otp`, `temp_mobile_no`, `mobile_number`, `created_date`, `modified`, `logged_in`, `logged_by`, `call_status`, `invite_id`, `source`) VALUES
	(1, 'Super', 'admin', 'admin', 'superadmin@admin.com', '0192023a7bbd73250516f069df18b500', '20170824035123.original.jpeg', 0, 0, 1, 0, NULL, '', 2, 'superadmin', NULL, '', NULL, '2018-11-02 00:00:00', '2018-12-26 15:41:59', 0, 'mobile', 0, 0, 'web'),
	(3, 'Boominathan', 'Elango', 'boominatnglea5', 'eboominathan@gmail.com', 'f3db6b7fb38fc1ec6a9fd58deabf0b3b', '20181102051527.png', 1, 0, 1, 0, NULL, '', 0, 'user', NULL, '', NULL, '2018-11-02 05:14:52', '2018-11-28 10:15:36', 0, '', 0, 0, 'web'),
	(4, 'Nanda', 'Kumar', 'nandhan8', 'nandha@yopmail.com', 'f3db6b7fb38fc1ec6a9fd58deabf0b3b', '20181205082203.png', 1, 1, 1, 0, NULL, '', 1, 'guru', 540637, '917402121443', '917402121443', '0000-00-00 00:00:00', '2018-12-14 10:29:01', 0, 'mobile', 0, 0, ''),
	(5, 'nandhakumar', 'v', 'nandhakuv0', 'nandhak@yopmail.com', 'f3db6b7fb38fc1ec6a9fd58deabf0b3b', '', 0, 0, 0, 0, NULL, '', 1, 'guru', NULL, '', NULL, '0000-00-00 00:00:00', '2018-11-23 10:00:05', 0, '', 0, 0, ''),
	(6, 'vinoth', 'c', 'vinothc5', 'vinoth@yopmail.com', 'f3db6b7fb38fc1ec6a9fd58deabf0b3b', '20181102093854.png', 0, 1, 1, 0, NULL, '', 1, 'guru', 172845, '', '918072297601', '0000-00-00 00:00:00', '2018-11-23 10:00:06', 0, 'web', 0, 0, ''),
	(7, 'virat', 'k', 'viratk2', 'virat@yopmail.com', 'f3db6b7fb38fc1ec6a9fd58deabf0b3b', '20181102100923.png', 0, 1, 1, 0, NULL, '', 0, 'user', 304761, '', '918883791305', '0000-00-00 00:00:00', '2018-11-23 10:00:06', 0, 'mobile', 0, 0, ''),
	(8, 'Anamika', 'ani', 'anamikangora7', 'anamika@yopmail.com', 'f3db6b7fb38fc1ec6a9fd58deabf0b3b', '20181205082129.png', 0, 1, 1, 0, NULL, '', 0, 'user', 737516, '917339376390', '', '0000-00-00 00:00:00', '2018-12-26 12:19:27', 1, 'web', 0, 0, ''),
	(9, 'nandha', 'cit', 'nandhatci2', 'nandha024cit@gmail.com', '', '', 1, 0, 1, 0, NULL, '', 1, 'guru', NULL, '', NULL, '2018-11-08 12:20:03', '2018-11-23 10:00:07', 0, 'mobile', 0, 0, 'google'),
	(10, 'Kirubadevi', 'Daniel', 'kirubadeadnei5', 'kirubadevi@dreamguys.co.in', '', '', 1, 0, 1, 0, NULL, '', 1, 'guru', NULL, '', NULL, '2018-11-08 07:52:12', '2018-11-23 10:00:08', 0, 'mobile', 0, 0, 'google'),
	(11, 'test', 'test', 'testetst6', 'test@yopmail.com', 'bfc66e7f13adc52bbbf0f3e9f5b00850', '', 0, 0, 0, 0, NULL, '', 1, 'guru', NULL, '', NULL, '0000-00-00 00:00:00', '2018-11-23 10:00:09', 1, 'web', 0, 0, ''),
	(12, 'Victoria', 'Barbera', 'victoriaarebb9', 'victoria@yopmail.com', 'f3db6b7fb38fc1ec6a9fd58deabf0b3b', '20170824054343.original.jpeg', 1, 1, 1, 0, NULL, '', 1, 'guru', NULL, NULL, NULL, '0000-00-00 00:00:00', '2018-12-28 15:48:19', 1, 'web', 0, 0, ''),
	(13, 'Justin', 'Lanigan', 'justingainl7', 'justinlanigan@yopmail.com', 'f3db6b7fb38fc1ec6a9fd58deabf0b3b', '20181124071332.png', 0, 0, 0, 0, NULL, '', 0, 'user', NULL, NULL, NULL, '0000-00-00 00:00:00', '2018-11-24 11:44:02', 0, 'mobile', 0, 0, ''),
	(14, 'Jennifer', 'Lopez', 'jennifereopzl0', 'jennifer30@gmx.com', 'f3db6b7fb38fc1ec6a9fd58deabf0b3b', '20170824004929.original.jpeg', 1, 0, 0, 0, NULL, '', 0, 'user', NULL, NULL, NULL, '0000-00-00 00:00:00', '2018-12-31 17:12:54', 1, 'web', 0, 0, '');
/*!40000 ALTER TABLE `applicants` ENABLE KEYS */;

-- Dumping structure for table mentori.applicants_profile
CREATE TABLE IF NOT EXISTS `applicants_profile` (
  `id` int(11) NOT NULL AUTO_INCREMENT,
  `applicant_id` int(11) NOT NULL,
  `applicant_phone` varchar(50) NOT NULL,
  `address_line1` varchar(255) DEFAULT NULL,
  `address_line2` varchar(255) DEFAULT NULL,
  `city` varchar(100) DEFAULT NULL,
  `state` varchar(100) DEFAULT NULL,
  `country` varchar(255) DEFAULT NULL,
  `postal_code` varchar(8) DEFAULT NULL,
  `applicant_personal_mess` text NOT NULL,
  `applicant_school_apply` varchar(100) NOT NULL,
  `applicant_school_apply_sts` varchar(2) NOT NULL,
  `applicant_out_of_conversation` varchar(150) NOT NULL,
  `applicant_out_of_conversation_sts` varchar(2) NOT NULL,
  `applicant_extracurricular` varchar(150) NOT NULL,
  `applicant_extracurricular_sts` varchar(2) NOT NULL,
  `applicant_hs` varchar(150) NOT NULL,
  `applicant_hs_sts` varchar(2) NOT NULL,
  `applicant_from` varchar(150) NOT NULL,
  `applicant_from_sts` varchar(2) NOT NULL,
  `applicant_live_and_work` varchar(150) NOT NULL,
  `applicant_live_and_work_sts` varchar(2) NOT NULL,
  `applicant_language_speak` varchar(150) NOT NULL,
  `applicant_language_speak_sts` varchar(2) NOT NULL,
  `applicant_favourites` text NOT NULL,
  `applicant_favourites_sts` varchar(2) NOT NULL,
  `applicant_hobbies` varchar(150) NOT NULL,
  `applicant_hobbies_sts` varchar(2) NOT NULL,
  `applicant_quotes` varchar(150) NOT NULL,
  `applicant_quotes_sts` varchar(2) NOT NULL,
  `created_date` timestamp NOT NULL DEFAULT CURRENT_TIMESTAMP,
  `modified_date` datetime NOT NULL,
  PRIMARY KEY (`id`)
) ENGINE=InnoDB DEFAULT CHARSET=latin1;

-- Dumping data for table mentori.applicants_profile: ~0 rows (approximately)
/*!40000 ALTER TABLE `applicants_profile` DISABLE KEYS */;
/*!40000 ALTER TABLE `applicants_profile` ENABLE KEYS */;

-- Dumping structure for table mentori.appointment_schedule
CREATE TABLE IF NOT EXISTS `appointment_schedule` (
  `appointment_id` int(11) NOT NULL AUTO_INCREMENT,
  `mentor_id` int(11) NOT NULL,
  `available` varchar(500) NOT NULL,
  `available_date` date DEFAULT NULL,
  `days_id` int(11) NOT NULL,
  `day_name` varchar(20) DEFAULT NULL,
  `time_start` time NOT NULL,
  `time_end` time NOT NULL,
  `time_zone` varchar(255) NOT NULL,
  PRIMARY KEY (`appointment_id`)
) ENGINE=InnoDB AUTO_INCREMENT=27 DEFAULT CHARSET=latin1;

-- Dumping data for table mentori.appointment_schedule: ~6 rows (approximately)
/*!40000 ALTER TABLE `appointment_schedule` DISABLE KEYS */;
INSERT INTO `appointment_schedule` (`appointment_id`, `mentor_id`, `available`, `available_date`, `days_id`, `day_name`, `time_start`, `time_end`, `time_zone`) VALUES
	(1, 12, '["00:00:00-1:00:00","01:00:00-2:00:00","02:00:00-3:00:00","03:00:00-4:00:00","04:00:00-5:00:00","05:00:00-6:00:00","06:00:00-7:00:00","07:00:00-8:00:00","08:00:00-9:00:00","09:00:00-10:00:00","10:00:00-11:00:00","11:00:00-12:00:00","12:00:00-13:00:00","13:00:00-14:00:00","14:00:00-15:00:00","15:00:00-16:00:00","16:00:00-17:00:00","17:00:00-18:00:00","18:00:00-19:00:00","19:00:00-20:00:00","20:00:00-21:00:00","21:00:00-22:00:00","22:00:00-23:00:00","23:00:00-24:00:00"]', NULL, 2, 'Monday', '00:00:00', '24:00:00', 'Europe/London'),
	(22, 12, '["00:00:00-1:00:00","01:00:00-2:00:00","02:00:00-3:00:00","03:00:00-4:00:00","04:00:00-5:00:00","05:00:00-6:00:00","06:00:00-7:00:00","07:00:00-8:00:00","08:00:00-9:00:00","09:00:00-10:00:00","10:00:00-11:00:00","11:00:00-12:00:00","12:00:00-13:00:00","13:00:00-14:00:00","14:00:00-15:00:00","15:00:00-16:00:00","16:00:00-17:00:00","17:00:00-18:00:00","18:00:00-19:00:00","19:00:00-20:00:00","20:00:00-21:00:00","21:00:00-22:00:00","22:00:00-23:00:00","23:00:00-24:00:00"]', NULL, 1, 'Sunday', '00:00:00', '24:00:00', 'Europe/London'),
	(24, 12, '["00:00:00-1:00:00","01:00:00-2:00:00","02:00:00-3:00:00","03:00:00-4:00:00","04:00:00-5:00:00","05:00:00-6:00:00","06:00:00-7:00:00","07:00:00-8:00:00","08:00:00-9:00:00","09:00:00-10:00:00","10:00:00-11:00:00","11:00:00-12:00:00","12:00:00-13:00:00","13:00:00-14:00:00","14:00:00-15:00:00","15:00:00-16:00:00","16:00:00-17:00:00","17:00:00-18:00:00","18:00:00-19:00:00","19:00:00-20:00:00","20:00:00-21:00:00","21:00:00-22:00:00","22:00:00-23:00:00","23:00:00-24:00:00"]', NULL, 4, 'Wednesday', '00:00:00', '24:00:00', 'Asia/Kolkata'),
	(25, 12, '["00:00:00-1:00:00","01:00:00-2:00:00","02:00:00-3:00:00","03:00:00-4:00:00","04:00:00-5:00:00","05:00:00-6:00:00","06:00:00-7:00:00","07:00:00-8:00:00","08:00:00-9:00:00","09:00:00-10:00:00","10:00:00-11:00:00","11:00:00-12:00:00","12:00:00-13:00:00","13:00:00-14:00:00","14:00:00-15:00:00","15:00:00-16:00:00","16:00:00-17:00:00","17:00:00-18:00:00","18:00:00-19:00:00","19:00:00-20:00:00","20:00:00-21:00:00","21:00:00-22:00:00","22:00:00-23:00:00","23:00:00-24:00:00"]', NULL, 5, 'Thursday', '00:00:00', '24:00:00', 'Asia/Kolkata'),
	(26, 12, '["00:00:00-1:00:00","01:00:00-2:00:00","02:00:00-3:00:00","03:00:00-4:00:00","04:00:00-5:00:00","05:00:00-6:00:00","06:00:00-7:00:00","07:00:00-8:00:00","08:00:00-9:00:00","09:00:00-10:00:00","10:00:00-11:00:00","11:00:00-12:00:00","12:00:00-13:00:00","13:00:00-14:00:00","14:00:00-15:00:00","15:00:00-16:00:00","16:00:00-17:00:00","17:00:00-18:00:00","18:00:00-19:00:00","19:00:00-20:00:00","20:00:00-21:00:00","21:00:00-22:00:00","22:00:00-23:00:00","23:00:00-24:00:00"]', NULL, 6, 'Friday', '00:00:00', '24:00:00', 'Asia/Kolkata');
/*!40000 ALTER TABLE `appointment_schedule` ENABLE KEYS */;

-- Dumping structure for table mentori.call_details
CREATE TABLE IF NOT EXISTS `call_details` (
  `call_id` int(11) NOT NULL AUTO_INCREMENT,
  `invite_id` int(11) NOT NULL DEFAULT '0',
  `call_from` int(11) NOT NULL,
  `call_to` int(11) NOT NULL,
  `url` varchar(255) NOT NULL,
  `start_by` int(11) NOT NULL,
  `type` varchar(255) NOT NULL,
  `channel` varchar(255) NOT NULL,
  `date_created` timestamp NOT NULL DEFAULT CURRENT_TIMESTAMP ON UPDATE CURRENT_TIMESTAMP,
  `status` int(11) NOT NULL DEFAULT '1',
  PRIMARY KEY (`call_id`)
) ENGINE=InnoDB DEFAULT CHARSET=latin1;

-- Dumping data for table mentori.call_details: ~0 rows (approximately)
/*!40000 ALTER TABLE `call_details` DISABLE KEYS */;
/*!40000 ALTER TABLE `call_details` ENABLE KEYS */;

-- Dumping structure for table mentori.call_duration
CREATE TABLE IF NOT EXISTS `call_duration` (
  `duration_id` int(11) NOT NULL AUTO_INCREMENT,
  `date_created` datetime NOT NULL,
  `last_modified` timestamp NOT NULL DEFAULT CURRENT_TIMESTAMP ON UPDATE CURRENT_TIMESTAMP,
  PRIMARY KEY (`duration_id`)
) ENGINE=InnoDB DEFAULT CHARSET=latin1;

-- Dumping data for table mentori.call_duration: ~0 rows (approximately)
/*!40000 ALTER TABLE `call_duration` DISABLE KEYS */;
/*!40000 ALTER TABLE `call_duration` ENABLE KEYS */;

-- Dumping structure for table mentori.call_logs
CREATE TABLE IF NOT EXISTS `call_logs` (
  `log_id` int(11) NOT NULL AUTO_INCREMENT,
  `invite_id` int(11) NOT NULL,
  `invite_date` date NOT NULL,
  `from_id` int(11) NOT NULL,
  `to_id` int(11) NOT NULL,
  `start_time` time NOT NULL,
  `end_time` time NOT NULL,
  `time_zone` varchar(255) NOT NULL,
  `status` tinyint(1) NOT NULL DEFAULT '1',
  `last_updated` timestamp NOT NULL DEFAULT CURRENT_TIMESTAMP ON UPDATE CURRENT_TIMESTAMP,
  PRIMARY KEY (`log_id`)
) ENGINE=InnoDB AUTO_INCREMENT=4 DEFAULT CHARSET=utf8;

-- Dumping data for table mentori.call_logs: ~2 rows (approximately)
/*!40000 ALTER TABLE `call_logs` DISABLE KEYS */;
INSERT INTO `call_logs` (`log_id`, `invite_id`, `invite_date`, `from_id`, `to_id`, `start_time`, `end_time`, `time_zone`, `status`, `last_updated`) VALUES
	(1, 2, '2018-12-28', 14, 12, '10:08:27', '10:09:05', 'Asia/Kolkata', 1, '2018-12-28 10:09:06'),
	(2, 4, '2018-12-28', 14, 12, '12:31:18', '12:31:50', 'Asia/Kolkata', 1, '2018-12-28 12:31:50'),
	(3, 7, '2018-12-28', 14, 12, '15:47:35', '15:48:19', 'Asia/Kolkata', 1, '2018-12-28 15:48:20');
/*!40000 ALTER TABLE `call_logs` ENABLE KEYS */;

-- Dumping structure for table mentori.card_details
CREATE TABLE IF NOT EXISTS `card_details` (
  `card_id` int(11) NOT NULL AUTO_INCREMENT,
  `card` varchar(255) NOT NULL,
  `user_id` int(11) NOT NULL,
  `customer_id` varchar(255) NOT NULL,
  `type` varchar(255) NOT NULL,
  `date_created` datetime NOT NULL,
  `last_updated` timestamp NOT NULL DEFAULT CURRENT_TIMESTAMP ON UPDATE CURRENT_TIMESTAMP,
  `status` int(11) NOT NULL DEFAULT '1',
  PRIMARY KEY (`card_id`)
) ENGINE=InnoDB AUTO_INCREMENT=7 DEFAULT CHARSET=latin1;

-- Dumping data for table mentori.card_details: ~5 rows (approximately)
/*!40000 ALTER TABLE `card_details` DISABLE KEYS */;
INSERT INTO `card_details` (`card_id`, `card`, `user_id`, `customer_id`, `type`, `date_created`, `last_updated`, `status`) VALUES
	(1, '4242', 14, 'cus_EEgKZ20WrNrdOY', 'Visa', '0000-00-00 00:00:00', '2018-12-28 09:59:11', 1),
	(2, '4242', 14, 'cus_EEgPe2Fa5HH5Ly', 'Visa', '0000-00-00 00:00:00', '2018-12-28 10:03:28', 1),
	(3, '4242', 14, 'cus_EEimUAPAO6I593', 'Visa', '0000-00-00 00:00:00', '2018-12-28 12:30:41', 1),
	(4, '4242', 14, 'cus_EEgKZ20WrNrdOY', 'Visa', '0000-00-00 00:00:00', '2018-12-28 14:53:01', 1),
	(5, '4242', 14, 'cus_EEgKZ20WrNrdOY', '', '0000-00-00 00:00:00', '2018-12-28 15:47:05', 1),
	(6, '4242', 14, 'cus_EEgKZ20WrNrdOY', '', '0000-00-00 00:00:00', '2018-12-28 15:47:09', 1);
/*!40000 ALTER TABLE `card_details` ENABLE KEYS */;

-- Dumping structure for table mentori.categories
CREATE TABLE IF NOT EXISTS `categories` (
  `id` int(11) NOT NULL AUTO_INCREMENT,
  `name` varchar(255) DEFAULT NULL,
  `slug` varchar(255) DEFAULT NULL,
  `description` varchar(500) DEFAULT NULL,
  `keywords` varchar(500) DEFAULT NULL,
  `parent_id` int(11) DEFAULT '0',
  `category_order` int(11) DEFAULT NULL,
  `show_on_menu` int(11) DEFAULT '1',
  `created_at` timestamp NULL DEFAULT CURRENT_TIMESTAMP,
  PRIMARY KEY (`id`)
) ENGINE=InnoDB AUTO_INCREMENT=5 DEFAULT CHARSET=utf8;

-- Dumping data for table mentori.categories: ~3 rows (approximately)
/*!40000 ALTER TABLE `categories` DISABLE KEYS */;
INSERT INTO `categories` (`id`, `name`, `slug`, `description`, `keywords`, `parent_id`, `category_order`, `show_on_menu`, `created_at`) VALUES
	(1, 'PHP', 'php', '', '', 0, 2, 1, '2018-12-08 15:07:22'),
	(3, 'Laravel', 'laravel', '', '', 1, NULL, 1, '2018-12-14 15:24:34'),
	(4, 'PHP', 'php-4', '', '', 0, 1, 1, '2018-12-20 14:54:21');
/*!40000 ALTER TABLE `categories` ENABLE KEYS */;

-- Dumping structure for table mentori.chat
CREATE TABLE IF NOT EXISTS `chat` (
  `id` bigint(20) NOT NULL AUTO_INCREMENT,
  `token` varchar(255) NOT NULL,
  `recieved_id` int(11) NOT NULL,
  `sent_id` int(11) NOT NULL,
  `username` varchar(20) DEFAULT NULL,
  `chatdate` datetime DEFAULT NULL,
  `type` varchar(255) DEFAULT NULL,
  `msg` mediumtext,
  `file_path` varchar(500) DEFAULT NULL,
  `file_name` varchar(255) DEFAULT NULL,
  `read_status` tinyint(1) NOT NULL,
  `delete_sts` tinyint(1) NOT NULL,
  `time_zone` varchar(255) NOT NULL,
  PRIMARY KEY (`id`)
) ENGINE=InnoDB AUTO_INCREMENT=362 DEFAULT CHARSET=utf8;

-- Dumping data for table mentori.chat: ~342 rows (approximately)
/*!40000 ALTER TABLE `chat` DISABLE KEYS */;
INSERT INTO `chat` (`id`, `token`, `recieved_id`, `sent_id`, `username`, `chatdate`, `type`, `msg`, `file_path`, `file_name`, `read_status`, `delete_sts`, `time_zone`) VALUES
	(1, '', 8, 4, NULL, '2018-11-02 10:59:58', NULL, 'Hi', NULL, NULL, 1, 0, 'Asia/Kolkata'),
	(2, '', 8, 4, NULL, '2018-11-02 11:00:34', NULL, 'Hello', NULL, NULL, 1, 0, 'Asia/Kolkata'),
	(3, '', 8, 4, NULL, '2018-11-05 10:39:36', NULL, 'Hi', NULL, NULL, 1, 0, 'Asia/Kolkata'),
	(4, '', 8, 4, NULL, '2018-11-05 12:48:23', 'image', 'file', 'msg_uploads/4', '20170915151752.png', 1, 0, 'Asia/Kolkata'),
	(5, '', 8, 4, NULL, '2018-11-05 15:01:59', NULL, 'test', NULL, NULL, 1, 0, 'Asia/Kolkata'),
	(6, '', 8, 4, NULL, '2018-11-05 15:02:47', NULL, 'hi', NULL, NULL, 1, 0, 'Asia/Kolkata'),
	(7, '', 8, 4, NULL, '2018-11-05 15:02:50', NULL, '1', NULL, NULL, 1, 0, 'Asia/Kolkata'),
	(8, '', 8, 4, NULL, '2018-11-05 15:02:51', NULL, '2', NULL, NULL, 1, 0, 'Asia/Kolkata'),
	(9, '', 8, 4, NULL, '2018-11-05 15:02:51', NULL, '3', NULL, NULL, 1, 0, 'Asia/Kolkata'),
	(10, '', 8, 4, NULL, '2018-11-05 15:02:52', NULL, '4', NULL, NULL, 1, 0, 'Asia/Kolkata'),
	(11, '', 8, 4, NULL, '2018-11-05 15:02:52', NULL, '5', NULL, NULL, 1, 0, 'Asia/Kolkata'),
	(12, '', 8, 4, NULL, '2018-11-07 10:23:28', NULL, 'test', NULL, NULL, 1, 0, 'Asia/Kolkata'),
	(13, '', 8, 4, NULL, '2018-11-07 10:24:53', NULL, 'helo', NULL, NULL, 1, 0, 'Asia/Kolkata'),
	(14, '', 8, 4, NULL, '2018-11-07 10:25:34', NULL, 'test', NULL, NULL, 1, 0, 'Asia/Kolkata'),
	(15, '', 8, 2, NULL, '2018-11-07 10:25:54', NULL, 'you there ?', NULL, NULL, 1, 0, 'Asia/Kolkata'),
	(16, '', 8, 2, NULL, '2018-11-07 10:26:41', NULL, 'heloooo', NULL, NULL, 1, 0, 'Asia/Kolkata'),
	(17, '', 8, 2, NULL, '2018-11-07 10:30:56', 'image', 'file', 'msg_uploads/4', 'Screen_Shot_2018-10-16_at_7.57.29_AM_1.png', 1, 0, 'Asia/Kolkata'),
	(18, '', 8, 2, NULL, '2018-11-07 11:20:42', NULL, 'hi', NULL, NULL, 1, 0, 'Asia/Kolkata'),
	(20, '', 8, 2, NULL, '2018-11-07 11:30:45', NULL, 'hi', NULL, NULL, 1, 0, 'Asia/Kolkata'),
	(21, '', 8, 4, NULL, '2018-11-07 11:31:07', NULL, 'hi', NULL, NULL, 1, 0, 'Asia/Kolkata'),
	(22, '', 8, 2, NULL, '2018-11-07 12:04:26', NULL, 'Hello', NULL, NULL, 1, 0, 'Asia/Kolkata'),
	(23, '', 8, 2, NULL, '2018-11-07 12:06:04', NULL, 'Hello', NULL, NULL, 1, 0, 'Asia/Kolkata'),
	(24, '', 8, 4, NULL, '2018-11-07 12:07:47', NULL, '1', NULL, NULL, 1, 0, 'Asia/Kolkata'),
	(25, '', 8, 4, NULL, '2018-11-07 12:08:01', NULL, 'Hello', NULL, NULL, 1, 0, 'Asia/Kolkata'),
	(26, '', 8, 4, NULL, '2018-11-07 12:08:06', NULL, '2', NULL, NULL, 1, 0, 'Asia/Kolkata'),
	(27, '', 8, 4, NULL, '2018-11-07 12:08:08', NULL, '3', NULL, NULL, 1, 0, 'Asia/Kolkata'),
	(28, '', 8, 4, NULL, '2018-11-07 12:08:13', NULL, '4', NULL, NULL, 1, 0, 'Asia/Kolkata'),
	(29, '', 8, 4, NULL, '2018-11-07 17:26:35', NULL, '5', NULL, NULL, 1, 0, 'Asia/Kolkata'),
	(30, '', 8, 4, NULL, '2018-11-07 17:27:39', NULL, 'test', NULL, NULL, 1, 0, 'Asia/Kolkata'),
	(31, '', 8, 4, NULL, '2018-11-07 17:28:10', NULL, '6', NULL, NULL, 1, 0, 'Asia/Kolkata'),
	(32, '', 8, 4, NULL, '2018-11-07 17:28:51', NULL, 'test', NULL, NULL, 1, 0, 'Asia/Kolkata'),
	(33, '', 4, 8, NULL, '2018-11-07 17:34:43', NULL, 'test', NULL, NULL, 1, 0, 'Asia/Kolkata'),
	(34, '', 4, 8, NULL, '2018-11-07 17:34:54', NULL, '1', NULL, NULL, 1, 0, 'Asia/Kolkata'),
	(35, '', 4, 8, NULL, '2018-11-07 17:38:48', NULL, '2', NULL, NULL, 1, 0, 'Asia/Kolkata'),
	(36, '', 4, 8, NULL, '2018-11-07 17:38:59', NULL, '3', NULL, NULL, 1, 0, 'Asia/Kolkata'),
	(37, '', 4, 8, NULL, '2018-11-07 17:39:11', NULL, '4', NULL, NULL, 1, 0, 'Asia/Kolkata'),
	(38, '', 4, 8, NULL, '2018-11-07 17:40:23', NULL, '5', NULL, NULL, 1, 0, 'Asia/Kolkata'),
	(39, '', 4, 8, NULL, '2018-11-07 17:40:33', NULL, '6', NULL, NULL, 1, 0, 'Asia/Kolkata'),
	(40, '', 8, 4, NULL, '2018-11-07 17:41:20', NULL, 'Anami', NULL, NULL, 1, 0, 'Asia/Kolkata'),
	(41, '', 4, 8, NULL, '2018-11-07 17:41:34', NULL, 'Nandha', NULL, NULL, 1, 0, 'Asia/Kolkata'),
	(42, '', 4, 8, NULL, '2018-11-07 17:41:50', 'image', 'file', 'msg_uploads/8', '20170816011121.png', 1, 0, 'Asia/Kolkata'),
	(43, '', 4, 8, NULL, '2018-11-07 17:43:02', 'image', 'file', 'msg_uploads/8', '20170728093715.original.png', 1, 0, 'Asia/Kolkata'),
	(44, '', 8, 4, NULL, '2018-11-07 17:46:15', NULL, 'Hello', NULL, NULL, 1, 0, 'Asia/Kolkata'),
	(45, '', 4, 8, NULL, '2018-11-07 17:46:33', NULL, 'test', NULL, NULL, 1, 0, 'Asia/Kolkata'),
	(46, '', 8, 4, NULL, '2018-11-07 18:35:05', NULL, 'test', NULL, NULL, 1, 0, 'Asia/Kolkata'),
	(47, '', 8, 4, NULL, '2018-11-07 18:37:21', NULL, '1', NULL, NULL, 1, 0, 'Asia/Kolkata'),
	(48, '', 4, 8, NULL, '2018-11-07 18:37:30', NULL, '2', NULL, NULL, 1, 0, 'Asia/Kolkata'),
	(49, '', 4, 8, NULL, '2018-11-07 18:44:40', NULL, 'Hello', NULL, NULL, 1, 0, 'Asia/Kolkata'),
	(50, '', 8, 4, NULL, '2018-11-07 18:50:32', NULL, 'test', NULL, NULL, 1, 0, 'Asia/Kolkata'),
	(51, '', 4, 8, NULL, '2018-11-07 18:54:26', NULL, 'test', NULL, NULL, 1, 0, 'Asia/Kolkata'),
	(52, '', 8, 4, NULL, '2018-11-10 15:47:30', NULL, 'Hello', NULL, NULL, 1, 0, 'Asia/Kolkata'),
	(53, '', 8, 4, NULL, '2018-11-10 15:47:40', NULL, 'you there', NULL, NULL, 1, 0, 'Asia/Kolkata'),
	(54, '', 4, 8, NULL, '2018-11-18 11:19:14', NULL, 'Hello', NULL, NULL, 1, 0, 'Asia/Kolkata'),
	(55, '', 4, 8, NULL, '2018-11-18 11:19:31', NULL, 'you there ??', NULL, NULL, 1, 0, 'Asia/Kolkata'),
	(56, '', 4, 8, NULL, '2018-11-18 11:30:00', NULL, 'hmm', NULL, NULL, 1, 0, 'Asia/Kolkata'),
	(57, '', 4, 8, NULL, '2018-11-18 11:35:43', NULL, 'Heloo', NULL, NULL, 1, 0, 'Asia/Kolkata'),
	(58, '', 4, 8, NULL, '2018-11-18 11:36:26', NULL, 'hi', NULL, NULL, 1, 0, 'Asia/Kolkata'),
	(59, '', 4, 8, NULL, '2018-11-18 11:37:37', 'image', 'file', 'msg_uploads/8', 'Screenshot_2.jpg', 1, 0, 'Asia/Kolkata'),
	(60, '', 4, 8, NULL, '2018-11-18 11:39:35', NULL, 'hmmm', NULL, NULL, 1, 0, 'Asia/Kolkata'),
	(61, '', 4, 8, NULL, '2018-11-18 11:39:43', NULL, 'test', NULL, NULL, 1, 0, 'Asia/Kolkata'),
	(62, '', 4, 8, NULL, '2018-11-18 11:39:45', NULL, 'test', NULL, NULL, 1, 0, 'Asia/Kolkata'),
	(63, '', 4, 8, NULL, '2018-11-18 11:39:53', NULL, '1', NULL, NULL, 1, 0, 'Asia/Kolkata'),
	(64, '', 4, 8, NULL, '2018-11-18 11:39:53', NULL, '2', NULL, NULL, 1, 0, 'Asia/Kolkata'),
	(65, '', 4, 8, NULL, '2018-11-18 11:39:54', NULL, '3', NULL, NULL, 1, 0, 'Asia/Kolkata'),
	(66, '', 4, 8, NULL, '2018-11-18 11:40:24', NULL, '4', NULL, NULL, 1, 0, 'Asia/Kolkata'),
	(67, '', 4, 8, NULL, '2018-11-18 11:40:26', NULL, '5', NULL, NULL, 1, 0, 'Asia/Kolkata'),
	(68, '', 4, 8, NULL, '2018-11-18 11:42:11', 'image', 'file', 'msg_uploads/8', '20170915151752.png', 1, 0, 'Asia/Kolkata'),
	(69, '', 4, 8, NULL, '2018-11-18 11:42:17', NULL, '6', NULL, NULL, 1, 0, 'Asia/Kolkata'),
	(70, '', 8, 4, NULL, '2018-11-18 11:43:51', NULL, '1', NULL, NULL, 1, 0, 'Asia/Kolkata'),
	(71, '', 4, 8, NULL, '2018-11-18 11:43:57', NULL, '2', NULL, NULL, 1, 0, 'Asia/Kolkata'),
	(72, '', 4, 8, NULL, '2018-11-18 11:44:08', NULL, 'you there ?', NULL, NULL, 1, 0, 'Asia/Kolkata'),
	(73, '', 8, 4, NULL, '2018-11-18 11:44:11', NULL, 'yes', NULL, NULL, 1, 0, 'Asia/Kolkata'),
	(74, '', 4, 8, NULL, '2018-11-19 15:59:23', NULL, 'test', NULL, NULL, 1, 0, 'Asia/Kolkata'),
	(75, '', 4, 8, NULL, '2018-11-19 18:25:58', 'image', 'file', 'msg_uploads/8', '20170728094225.original.png', 1, 0, 'Asia/Kolkata'),
	(76, '', 4, 8, NULL, '2018-11-19 18:30:20', NULL, 'you there', NULL, NULL, 1, 0, 'Asia/Kolkata'),
	(77, '', 4, 8, NULL, '2018-11-19 18:30:26', NULL, 'hello', NULL, NULL, 1, 0, 'Asia/Kolkata'),
	(78, '', 4, 8, NULL, '2018-11-19 18:36:48', NULL, 'hi', NULL, NULL, 1, 0, 'Asia/Kolkata'),
	(79, '', 4, 8, NULL, '2018-11-20 14:29:37', NULL, 'test', NULL, NULL, 1, 0, 'Asia/Kolkata'),
	(80, '', 8, 4, NULL, '2018-11-20 14:49:12', NULL, 'fdsgdf', NULL, NULL, 1, 0, 'Asia/Kolkata'),
	(81, '', 8, 4, NULL, '2018-11-20 14:49:17', NULL, 'dsfsdfsd', NULL, NULL, 1, 0, 'Asia/Kolkata'),
	(82, '', 8, 4, NULL, '2018-11-20 14:49:21', NULL, 'rtyrty', NULL, NULL, 1, 0, 'Asia/Kolkata'),
	(83, '', 8, 4, NULL, '2018-11-20 14:50:52', NULL, 'ertert', NULL, NULL, 1, 0, 'Asia/Kolkata'),
	(84, '', 8, 4, NULL, '2018-11-20 14:50:54', NULL, 'rtyrt', NULL, NULL, 1, 0, 'Asia/Kolkata'),
	(85, '', 8, 4, NULL, '2018-11-20 14:50:57', NULL, 'uiou', NULL, NULL, 1, 0, 'Asia/Kolkata'),
	(86, '', 8, 4, NULL, '2018-11-20 14:50:59', NULL, 'srdrs', NULL, NULL, 1, 0, 'Asia/Kolkata'),
	(87, '', 8, 4, NULL, '2018-11-20 14:51:22', 'image', 'file', 'msg_uploads/4', '20170814053716.png', 1, 0, 'Asia/Kolkata'),
	(88, '', 8, 4, NULL, '2018-11-20 15:06:29', NULL, 'sdfs', NULL, NULL, 1, 0, 'Asia/Kolkata'),
	(89, '', 8, 4, NULL, '2018-11-20 15:06:36', NULL, 'tyut', NULL, NULL, 1, 0, 'Asia/Kolkata'),
	(90, '', 8, 4, NULL, '2018-11-20 15:08:16', NULL, 'rtyrt', NULL, NULL, 1, 0, 'Asia/Kolkata'),
	(91, '', 8, 4, NULL, '2018-11-20 15:20:11', NULL, 'sdfsd', NULL, NULL, 1, 0, 'Asia/Kolkata'),
	(92, '', 8, 4, NULL, '2018-11-20 15:23:45', NULL, 'dfgdf', NULL, NULL, 1, 0, 'Asia/Kolkata'),
	(93, '', 8, 4, NULL, '2018-11-20 15:23:52', NULL, '1', NULL, NULL, 1, 0, 'Asia/Kolkata'),
	(94, '', 4, 8, NULL, '2018-11-20 16:11:23', NULL, 'Hello', NULL, NULL, 1, 0, 'Asia/Kolkata'),
	(95, '', 8, 4, NULL, '2018-11-20 16:11:35', NULL, 'Hi', NULL, NULL, 1, 0, 'Asia/Kolkata'),
	(96, '', 8, 4, NULL, '2018-11-26 18:03:48', NULL, 'Hello', NULL, NULL, 1, 0, 'Asia/Kolkata'),
	(97, '', 4, 8, NULL, '2018-11-26 18:03:53', NULL, 'Hello', NULL, NULL, 1, 0, 'Asia/Kolkata'),
	(98, '', 8, 4, NULL, '2018-11-26 18:04:01', 'image', 'file', 'msg_uploads/4', 'WhatsApp_Image_2018-11-23_at_4.14.54_PM.jpeg', 1, 0, 'Asia/Kolkata'),
	(99, '', 4, 8, NULL, '2018-11-26 18:04:21', NULL, 'recieved', NULL, NULL, 1, 0, 'Asia/Kolkata'),
	(100, '', 4, 8, NULL, '2018-11-27 16:35:46', NULL, 'helo', NULL, NULL, 1, 0, 'Asia/Kolkata'),
	(101, '', 4, 8, NULL, '2018-11-27 16:35:50', NULL, 'Hello', NULL, NULL, 1, 0, 'Asia/Kolkata'),
	(102, '', 4, 8, NULL, '2018-11-27 16:35:53', NULL, 'you there', NULL, NULL, 1, 0, 'Asia/Kolkata'),
	(103, '', 8, 4, NULL, '2018-11-27 16:36:00', NULL, 'Hi', NULL, NULL, 1, 0, 'Asia/Kolkata'),
	(104, '', 8, 4, NULL, '2018-11-27 16:36:08', NULL, 'you there', NULL, NULL, 1, 0, 'Asia/Kolkata'),
	(105, '', 4, 8, NULL, '2018-11-28 14:41:15', NULL, 'Hi', NULL, NULL, 1, 0, 'Asia/Kolkata'),
	(106, '', 4, 8, NULL, '2018-11-28 14:41:48', NULL, 'hello', NULL, NULL, 1, 0, 'Asia/Kolkata'),
	(107, '', 4, 8, NULL, '2018-11-28 14:42:02', NULL, 'sdfdsf', NULL, NULL, 1, 0, 'Asia/Kolkata'),
	(108, '', 8, 4, NULL, '2018-11-28 14:42:39', NULL, 'you there ?', NULL, NULL, 1, 0, 'Asia/Kolkata'),
	(109, '', 4, 8, NULL, '2018-11-28 14:42:42', NULL, 'yes', NULL, NULL, 1, 0, 'Asia/Kolkata'),
	(110, '', 8, 4, NULL, '2018-11-29 10:45:42', NULL, '1', NULL, NULL, 1, 0, 'Asia/Kolkata'),
	(111, '', 4, 8, NULL, '2018-11-29 10:45:51', NULL, '1', NULL, NULL, 1, 0, 'Asia/Kolkata'),
	(112, '', 8, 4, NULL, '2018-11-29 10:45:55', NULL, '2', NULL, NULL, 1, 0, 'Asia/Kolkata'),
	(113, '', 8, 4, NULL, '2018-12-04 10:49:17', NULL, 'hi', NULL, NULL, 1, 0, 'Asia/Kolkata'),
	(114, '', 8, 4, NULL, '2018-12-04 10:50:03', NULL, 'hi', NULL, NULL, 1, 0, 'Asia/Kolkata'),
	(115, '', 8, 4, NULL, '2018-12-04 10:50:04', NULL, 'hi', NULL, NULL, 1, 0, 'Asia/Kolkata'),
	(116, '', 8, 4, NULL, '2018-12-04 10:50:05', NULL, 'hi', NULL, NULL, 1, 0, 'Asia/Kolkata'),
	(117, '', 8, 4, NULL, '2018-12-04 10:50:08', NULL, 'hi', NULL, NULL, 1, 0, 'Asia/Kolkata'),
	(118, '', 8, 4, NULL, '2018-12-04 10:50:30', NULL, 'hello', NULL, NULL, 1, 0, 'Asia/Kolkata'),
	(119, '', 8, 4, NULL, '2018-12-04 10:50:36', NULL, 'hi', NULL, NULL, 1, 0, 'Asia/Kolkata'),
	(120, '', 8, 4, NULL, '2018-12-04 10:50:54', NULL, 'hello', NULL, NULL, 1, 0, 'Asia/Kolkata'),
	(121, '', 4, 8, NULL, '2018-12-04 11:30:08', NULL, 'hi', NULL, NULL, 1, 0, 'Asia/Kolkata'),
	(122, '', 4, 8, NULL, '2018-12-04 11:30:12', NULL, 'hello', NULL, NULL, 1, 0, 'Asia/Kolkata'),
	(123, '', 8, 4, NULL, '2018-12-04 11:30:49', NULL, 'hi9', NULL, NULL, 1, 0, 'Asia/Kolkata'),
	(124, '', 8, 4, NULL, '2018-12-04 11:31:26', NULL, 'hai', NULL, NULL, 1, 0, 'Asia/Kolkata'),
	(125, '', 8, 4, NULL, '2018-12-04 11:32:40', NULL, 'hi', NULL, NULL, 1, 0, 'Asia/Kolkata'),
	(126, '', 8, 4, NULL, '2018-12-04 11:38:15', NULL, 'sdf', NULL, NULL, 1, 0, 'Asia/Kolkata'),
	(127, '', 8, 4, NULL, '2018-12-04 11:39:00', NULL, 'fgh', NULL, NULL, 1, 0, 'Asia/Kolkata'),
	(128, '', 8, 4, NULL, '2018-12-04 11:39:35', NULL, 'fgh', NULL, NULL, 1, 0, 'Asia/Kolkata'),
	(129, '', 8, 4, NULL, '2018-12-04 11:39:45', NULL, 'dfgsfdg', NULL, NULL, 1, 0, 'Asia/Kolkata'),
	(130, '', 8, 4, NULL, '2018-12-04 11:39:48', NULL, 'dfgfdg', NULL, NULL, 1, 0, 'Asia/Kolkata'),
	(131, '', 8, 4, NULL, '2018-12-04 11:39:50', NULL, 'dfgfd', NULL, NULL, 1, 0, 'Asia/Kolkata'),
	(132, '', 8, 4, NULL, '2018-12-04 11:39:51', NULL, 'fdg', NULL, NULL, 1, 0, 'Asia/Kolkata'),
	(133, '', 8, 4, NULL, '2018-12-04 11:39:53', NULL, 'gdfg', NULL, NULL, 1, 0, 'Asia/Kolkata'),
	(134, '', 8, 4, NULL, '2018-12-04 11:39:54', NULL, 'dfgfdg', NULL, NULL, 1, 0, 'Asia/Kolkata'),
	(135, '', 8, 4, NULL, '2018-12-04 11:39:55', NULL, 'g', NULL, NULL, 1, 0, 'Asia/Kolkata'),
	(136, '', 8, 4, NULL, '2018-12-04 11:39:58', NULL, 'fdg', NULL, NULL, 1, 0, 'Asia/Kolkata'),
	(137, '', 8, 4, NULL, '2018-12-04 11:46:18', NULL, 'hi', NULL, NULL, 1, 0, 'Asia/Kolkata'),
	(138, '', 8, 4, NULL, '2018-12-04 11:47:13', NULL, 'hi', NULL, NULL, 1, 0, 'Asia/Kolkata'),
	(139, '', 8, 4, NULL, '2018-12-04 11:47:52', NULL, 'hgi', NULL, NULL, 1, 0, 'Asia/Kolkata'),
	(140, '', 8, 4, NULL, '2018-12-04 11:49:16', NULL, 'sd', NULL, NULL, 1, 0, 'Asia/Kolkata'),
	(141, '', 8, 4, NULL, '2018-12-04 11:51:22', NULL, 'sa', NULL, NULL, 1, 0, 'Asia/Kolkata'),
	(142, '', 8, 4, NULL, '2018-12-04 11:51:49', NULL, 'as', NULL, NULL, 1, 0, 'Asia/Kolkata'),
	(143, '', 8, 4, NULL, '2018-12-04 11:57:05', NULL, 'hi', NULL, NULL, 1, 0, 'Asia/Kolkata'),
	(144, '', 14, 12, NULL, '2018-12-10 17:43:39', NULL, 'test', NULL, NULL, 1, 0, 'Asia/Kolkata'),
	(145, '', 12, 14, NULL, '2018-12-10 17:43:50', NULL, 'ttttt', NULL, NULL, 1, 0, 'Asia/Kolkata'),
	(146, '', 12, 14, NULL, '2018-12-10 18:10:17', NULL, 'test', NULL, NULL, 1, 0, 'Asia/Kolkata'),
	(147, '', 12, 14, NULL, '2018-12-10 18:11:15', NULL, 'test', NULL, NULL, 1, 0, 'Asia/Kolkata'),
	(148, '', 12, 14, NULL, '2018-12-10 18:20:24', NULL, 'test', NULL, NULL, 1, 0, 'Asia/Kolkata'),
	(149, '', 12, 14, NULL, '2018-12-10 18:20:46', NULL, 'Boomida', NULL, NULL, 1, 0, 'Asia/Kolkata'),
	(150, '', 12, 14, NULL, '2018-12-10 18:21:00', NULL, 'hello', NULL, NULL, 1, 0, 'Asia/Kolkata'),
	(151, '', 12, 14, NULL, '2018-12-10 18:25:26', NULL, 'h', NULL, NULL, 1, 0, 'Asia/Kolkata'),
	(152, '', 12, 14, NULL, '2018-12-10 18:25:29', NULL, 'hfgh', NULL, NULL, 1, 0, 'Asia/Kolkata'),
	(153, '', 12, 14, NULL, '2018-12-10 18:30:42', NULL, 'fgh', NULL, NULL, 1, 0, 'Asia/Kolkata'),
	(154, '', 12, 14, NULL, '2018-12-10 18:30:44', NULL, 'fghd', NULL, NULL, 1, 0, 'Asia/Kolkata'),
	(155, '', 12, 14, NULL, '2018-12-10 18:30:52', NULL, 'hgfhfg', NULL, NULL, 1, 0, 'Asia/Kolkata'),
	(156, '', 12, 14, NULL, '2018-12-10 18:31:02', NULL, 'ffff', NULL, NULL, 1, 0, 'Asia/Kolkata'),
	(157, '', 12, 14, NULL, '2018-12-10 18:32:51', NULL, 'sdfdsf', NULL, NULL, 1, 0, 'Asia/Kolkata'),
	(158, '', 12, 14, NULL, '2018-12-10 18:32:52', NULL, 'dsfds', NULL, NULL, 1, 0, 'Asia/Kolkata'),
	(159, '', 12, 14, NULL, '2018-12-10 18:32:54', NULL, 'sdfds', NULL, NULL, 1, 0, 'Asia/Kolkata'),
	(160, '', 12, 14, NULL, '2018-12-10 18:33:32', NULL, 'test', NULL, NULL, 1, 0, 'Asia/Kolkata'),
	(161, '', 12, 14, NULL, '2018-12-10 18:33:38', NULL, 'test', NULL, NULL, 1, 0, 'Asia/Kolkata'),
	(162, '', 12, 14, NULL, '2018-12-10 18:34:42', NULL, '1', NULL, NULL, 1, 0, 'Asia/Kolkata'),
	(163, '', 12, 14, NULL, '2018-12-10 18:34:43', NULL, '2', NULL, NULL, 1, 0, 'Asia/Kolkata'),
	(164, '', 12, 14, NULL, '2018-12-10 18:34:45', NULL, '2', NULL, NULL, 1, 0, 'Asia/Kolkata'),
	(165, '', 12, 14, NULL, '2018-12-10 18:34:56', NULL, '1', NULL, NULL, 1, 0, 'Asia/Kolkata'),
	(166, '', 12, 14, NULL, '2018-12-10 18:35:14', NULL, '2', NULL, NULL, 1, 0, 'Asia/Kolkata'),
	(167, '', 12, 14, NULL, '2018-12-10 18:35:15', NULL, '3', NULL, NULL, 1, 0, 'Asia/Kolkata'),
	(168, '', 12, 14, NULL, '2018-12-10 18:35:17', NULL, '4', NULL, NULL, 1, 0, 'Asia/Kolkata'),
	(169, '', 12, 14, NULL, '2018-12-10 18:35:18', NULL, '5', NULL, NULL, 1, 0, 'Asia/Kolkata'),
	(170, '', 12, 14, NULL, '2018-12-11 09:52:28', NULL, 'test', NULL, NULL, 1, 0, 'Asia/Kolkata'),
	(171, '', 12, 14, NULL, '2018-12-11 09:52:30', NULL, 'testestes', NULL, NULL, 1, 0, 'Asia/Kolkata'),
	(172, '', 12, 14, NULL, '2018-12-11 09:52:34', NULL, 'estest', NULL, NULL, 1, 0, 'Asia/Kolkata'),
	(173, '', 12, 14, NULL, '2018-12-11 09:52:36', NULL, 'estest', NULL, NULL, 1, 0, 'Asia/Kolkata'),
	(174, '', 12, 14, NULL, '2018-12-11 09:52:38', NULL, 'Boomida', NULL, NULL, 1, 0, 'Asia/Kolkata'),
	(175, '', 12, 14, NULL, '2018-12-11 09:52:45', NULL, 'Boomida', NULL, NULL, 1, 0, 'Asia/Kolkata'),
	(176, '', 12, 14, NULL, '2018-12-11 09:52:59', NULL, 'Hello', NULL, NULL, 1, 0, 'Asia/Kolkata'),
	(177, '', 12, 14, NULL, '2018-12-11 09:55:32', 'image', 'file', 'msg_uploads/14', '20170814040610.png', 1, 0, 'Asia/Kolkata'),
	(178, '', 12, 14, NULL, '2018-12-11 10:00:51', NULL, 'test.', NULL, NULL, 1, 0, 'Asia/Kolkata'),
	(179, '', 12, 14, NULL, '2018-12-11 10:01:08', 'image', 'file', 'msg_uploads/14', '20170824025410.original.png', 1, 0, 'Asia/Kolkata'),
	(180, '', 12, 14, NULL, '2018-12-11 10:01:30', 'image', 'file', 'msg_uploads/14', '20170824032300.original.jpeg', 1, 0, 'Asia/Kolkata'),
	(181, '', 14, 12, NULL, '2018-12-11 10:10:35', NULL, 'Hello', NULL, NULL, 1, 0, 'Asia/Kolkata'),
	(182, '', 14, 12, NULL, '2018-12-11 11:44:42', 'image', 'file', 'msg_uploads/12', '20170728121037.png', 1, 0, 'Asia/Kolkata'),
	(183, '', 14, 12, NULL, '2018-12-11 12:46:59', NULL, 'hi', NULL, NULL, 1, 0, 'Asia/Kolkata'),
	(184, '', 14, 12, NULL, '2018-12-11 15:58:19', NULL, 'Hello', NULL, NULL, 1, 0, 'Asia/Kolkata'),
	(185, '', 14, 12, NULL, '2018-12-11 15:58:28', NULL, 'yoiu there', NULL, NULL, 1, 0, 'Asia/Kolkata'),
	(186, '', 14, 12, NULL, '2018-12-11 15:58:46', NULL, 'hello\\', NULL, NULL, 1, 0, 'Asia/Kolkata'),
	(187, '', 14, 12, NULL, '2018-12-11 15:58:55', NULL, 'hoi', NULL, NULL, 1, 0, 'Asia/Kolkata'),
	(188, '', 12, 14, NULL, '2018-12-11 15:59:05', NULL, 'hello', NULL, NULL, 1, 0, 'Asia/Kolkata'),
	(189, '', 14, 12, NULL, '2018-12-11 15:59:18', NULL, 'test', NULL, NULL, 1, 0, 'Asia/Kolkata'),
	(190, '', 12, 14, NULL, '2018-12-11 15:59:41', NULL, 'test', NULL, NULL, 1, 0, 'Asia/Kolkata'),
	(191, '', 14, 12, NULL, '2018-12-11 16:00:01', NULL, 'test', NULL, NULL, 1, 0, 'Asia/Kolkata'),
	(192, '', 14, 12, NULL, '2018-12-11 16:00:13', NULL, 'hi', NULL, NULL, 1, 0, 'Asia/Kolkata'),
	(193, '', 14, 12, NULL, '2018-12-11 16:00:21', NULL, 'test', NULL, NULL, 1, 0, 'Asia/Kolkata'),
	(194, '', 14, 12, NULL, '2018-12-11 16:00:22', NULL, 'test', NULL, NULL, 1, 0, 'Asia/Kolkata'),
	(195, '', 14, 12, NULL, '2018-12-11 16:00:23', NULL, 'test', NULL, NULL, 1, 0, 'Asia/Kolkata'),
	(196, '', 14, 12, NULL, '2018-12-11 16:01:20', NULL, 'test', NULL, NULL, 1, 0, 'Asia/Kolkata'),
	(197, '', 14, 12, NULL, '2018-12-11 16:01:38', NULL, 'you there', NULL, NULL, 1, 0, 'Asia/Kolkata'),
	(198, '', 14, 12, NULL, '2018-12-11 16:01:42', NULL, 'helo', NULL, NULL, 1, 0, 'Asia/Kolkata'),
	(199, '', 14, 12, NULL, '2018-12-11 16:01:48', NULL, 'you there ?', NULL, NULL, 1, 0, 'Asia/Kolkata'),
	(200, '', 14, 12, NULL, '2018-12-11 16:01:53', NULL, 'hello', NULL, NULL, 1, 0, 'Asia/Kolkata'),
	(201, '', 12, 14, NULL, '2018-12-11 16:02:00', NULL, 'Helo', NULL, NULL, 1, 0, 'Asia/Kolkata'),
	(202, '', 12, 14, NULL, '2018-12-11 16:02:04', NULL, 'test', NULL, NULL, 1, 0, 'Asia/Kolkata'),
	(203, '', 12, 14, NULL, '2018-12-11 16:02:07', NULL, 'you there', NULL, NULL, 1, 0, 'Asia/Kolkata'),
	(204, '', 14, 12, NULL, '2018-12-11 16:02:21', NULL, 'test', NULL, NULL, 1, 0, 'Asia/Kolkata'),
	(205, '', 12, 14, NULL, '2018-12-11 16:02:28', NULL, 'test', NULL, NULL, 1, 0, 'Asia/Kolkata'),
	(206, '', 14, 12, NULL, '2018-12-11 16:05:06', NULL, 'Hello', NULL, NULL, 1, 0, 'Asia/Kolkata'),
	(207, '', 14, 12, NULL, '2018-12-11 16:09:10', NULL, 'hi', NULL, NULL, 1, 0, 'Asia/Kolkata'),
	(208, '', 14, 12, NULL, '2018-12-11 16:09:39', NULL, 'hi', NULL, NULL, 1, 0, 'Asia/Kolkata'),
	(209, '', 14, 12, NULL, '2018-12-11 16:14:16', NULL, 'hi', NULL, NULL, 1, 0, 'Asia/Kolkata'),
	(210, '', 12, 14, NULL, '2018-12-11 16:16:04', NULL, 'hi', NULL, NULL, 1, 0, 'Asia/Kolkata'),
	(211, '', 12, 14, NULL, '2018-12-11 16:19:53', NULL, 'Hello', NULL, NULL, 1, 0, 'Asia/Kolkata'),
	(212, '', 14, 12, NULL, '2018-12-11 16:20:06', NULL, 'test', NULL, NULL, 1, 0, 'Asia/Kolkata'),
	(213, '', 14, 12, NULL, '2018-12-11 16:20:15', NULL, '1', NULL, NULL, 1, 0, 'Asia/Kolkata'),
	(214, '', 12, 14, NULL, '2018-12-11 16:24:08', NULL, 'Hello', NULL, NULL, 1, 0, 'Asia/Kolkata'),
	(215, '', 14, 12, NULL, '2018-12-11 16:24:28', NULL, 'Hello', NULL, NULL, 1, 0, 'Asia/Kolkata'),
	(216, '', 14, 12, NULL, '2018-12-11 16:24:34', NULL, 'test', NULL, NULL, 1, 0, 'Asia/Kolkata'),
	(217, '', 14, 12, NULL, '2018-12-11 16:24:36', NULL, 'test', NULL, NULL, 1, 0, 'Asia/Kolkata'),
	(218, '', 14, 12, NULL, '2018-12-11 16:24:39', NULL, 'test', NULL, NULL, 1, 0, 'Asia/Kolkata'),
	(219, '', 12, 14, NULL, '2018-12-11 16:24:42', NULL, 'test', NULL, NULL, 1, 0, 'Asia/Kolkata'),
	(220, '', 12, 14, NULL, '2018-12-11 16:24:45', NULL, 'test', NULL, NULL, 1, 0, 'Asia/Kolkata'),
	(221, '', 12, 14, NULL, '2018-12-11 16:24:55', NULL, 'test', NULL, NULL, 1, 0, 'Asia/Kolkata'),
	(222, '', 14, 12, NULL, '2018-12-11 16:25:20', NULL, 'Helo', NULL, NULL, 1, 0, 'Asia/Kolkata'),
	(223, '', 14, 12, NULL, '2018-12-11 16:25:32', NULL, 'test', NULL, NULL, 1, 0, 'Asia/Kolkata'),
	(224, '', 14, 12, NULL, '2018-12-11 16:25:37', NULL, 'test', NULL, NULL, 1, 0, 'Asia/Kolkata'),
	(225, '', 14, 12, NULL, '2018-12-11 16:26:24', NULL, 'test', NULL, NULL, 1, 0, 'Asia/Kolkata'),
	(226, '', 14, 12, NULL, '2018-12-11 16:26:29', NULL, 'testset', NULL, NULL, 1, 0, 'Asia/Kolkata'),
	(227, '', 14, 12, NULL, '2018-12-11 16:26:46', NULL, 'sdfdsf', NULL, NULL, 1, 0, 'Asia/Kolkata'),
	(228, '', 14, 12, NULL, '2018-12-11 16:32:07', NULL, 'Helo', NULL, NULL, 1, 0, 'Asia/Kolkata'),
	(229, '', 14, 12, NULL, '2018-12-11 16:32:13', NULL, 'Hi', NULL, NULL, 1, 0, 'Asia/Kolkata'),
	(230, '', 12, 14, NULL, '2018-12-11 16:32:32', NULL, 'helo', NULL, NULL, 1, 0, 'Asia/Kolkata'),
	(231, '', 12, 14, NULL, '2018-12-11 16:33:40', NULL, 'Hrlo', NULL, NULL, 1, 0, 'Asia/Kolkata'),
	(232, '', 12, 14, NULL, '2018-12-11 16:33:45', NULL, 'hi', NULL, NULL, 1, 0, 'Asia/Kolkata'),
	(233, '', 12, 14, NULL, '2018-12-11 16:33:47', NULL, 'test', NULL, NULL, 1, 0, 'Asia/Kolkata'),
	(234, '', 14, 12, NULL, '2018-12-11 16:34:18', NULL, 'test', NULL, NULL, 1, 0, 'Asia/Kolkata'),
	(235, '', 12, 14, NULL, '2018-12-11 16:34:29', NULL, 'test', NULL, NULL, 1, 0, 'Asia/Kolkata'),
	(236, '', 12, 14, NULL, '2018-12-11 16:34:40', NULL, 'test', NULL, NULL, 1, 0, 'Asia/Kolkata'),
	(237, '', 14, 12, NULL, '2018-12-11 16:35:01', NULL, 'test', NULL, NULL, 1, 0, 'Asia/Kolkata'),
	(238, '', 14, 12, NULL, '2018-12-11 16:35:06', NULL, 'test', NULL, NULL, 1, 0, 'Asia/Kolkata'),
	(239, '', 12, 14, NULL, '2018-12-11 16:35:11', NULL, 'Helo', NULL, NULL, 1, 0, 'Asia/Kolkata'),
	(240, '', 14, 12, NULL, '2018-12-11 16:36:41', NULL, 'test', NULL, NULL, 1, 0, 'Asia/Kolkata'),
	(241, '', 14, 12, NULL, '2018-12-11 16:36:54', NULL, 'test', NULL, NULL, 1, 0, 'Asia/Kolkata'),
	(242, '', 14, 12, NULL, '2018-12-11 16:40:14', NULL, 'Hello', NULL, NULL, 1, 0, 'Asia/Kolkata'),
	(243, '', 14, 12, NULL, '2018-12-11 16:40:30', NULL, '1', NULL, NULL, 1, 0, 'Asia/Kolkata'),
	(244, '', 14, 12, NULL, '2018-12-11 16:40:35', NULL, '2', NULL, NULL, 1, 0, 'Asia/Kolkata'),
	(245, '', 14, 12, NULL, '2018-12-11 16:40:39', NULL, '3', NULL, NULL, 1, 0, 'Asia/Kolkata'),
	(246, '', 14, 12, NULL, '2018-12-11 16:41:48', NULL, 'he', NULL, NULL, 1, 0, 'Asia/Kolkata'),
	(247, '', 12, 14, NULL, '2018-12-11 16:41:56', NULL, 'Hello', NULL, NULL, 1, 0, 'Asia/Kolkata'),
	(248, '', 14, 12, NULL, '2018-12-11 16:42:02', NULL, 'test', NULL, NULL, 1, 0, 'Asia/Kolkata'),
	(249, '', 12, 14, NULL, '2018-12-11 16:42:10', NULL, 'test', NULL, NULL, 1, 0, 'Asia/Kolkata'),
	(250, '', 14, 12, NULL, '2018-12-11 16:42:17', NULL, 'you there ?', NULL, NULL, 1, 0, 'Asia/Kolkata'),
	(251, '', 14, 12, NULL, '2018-12-11 16:42:23', NULL, 'hello', NULL, NULL, 1, 0, 'Asia/Kolkata'),
	(252, '', 12, 14, NULL, '2018-12-11 16:42:45', NULL, 'hello', NULL, NULL, 1, 0, 'Asia/Kolkata'),
	(253, '', 14, 12, NULL, '2018-12-11 16:42:54', NULL, 'test', NULL, NULL, 1, 0, 'Asia/Kolkata'),
	(254, '', 12, 14, NULL, '2018-12-11 16:43:09', NULL, 'test', NULL, NULL, 1, 0, 'Asia/Kolkata'),
	(255, '', 12, 14, NULL, '2018-12-11 16:47:41', NULL, 'test', NULL, NULL, 1, 0, 'Asia/Kolkata'),
	(256, '', 14, 12, NULL, '2018-12-11 16:49:26', NULL, 'test', NULL, NULL, 1, 0, 'Asia/Kolkata'),
	(257, '', 14, 12, NULL, '2018-12-11 16:49:33', NULL, 'test', NULL, NULL, 1, 0, 'Asia/Kolkata'),
	(258, '', 14, 12, NULL, '2018-12-11 16:50:11', NULL, 'ff', NULL, NULL, 1, 0, 'Asia/Kolkata'),
	(259, '', 14, 12, NULL, '2018-12-11 16:56:53', NULL, 'hi', NULL, NULL, 1, 0, 'Asia/Kolkata'),
	(260, '', 12, 14, NULL, '2018-12-11 17:27:11', NULL, 'test', NULL, NULL, 1, 0, 'Asia/Kolkata'),
	(261, '', 14, 12, NULL, '2018-12-11 18:01:30', NULL, 'helo', NULL, NULL, 1, 0, 'Asia/Kolkata'),
	(262, '', 14, 12, NULL, '2018-12-11 18:01:40', NULL, 'you there', NULL, NULL, 1, 0, 'Asia/Kolkata'),
	(263, '', 14, 12, NULL, '2018-12-11 18:01:41', NULL, 'sdf', NULL, NULL, 1, 0, 'Asia/Kolkata'),
	(264, '', 14, 12, NULL, '2018-12-11 18:01:42', NULL, 'sdf', NULL, NULL, 1, 0, 'Asia/Kolkata'),
	(265, '', 14, 12, NULL, '2018-12-11 18:01:43', NULL, 'sdf', NULL, NULL, 1, 0, 'Asia/Kolkata'),
	(266, '', 14, 12, NULL, '2018-12-11 18:01:44', NULL, 'sdfsd', NULL, NULL, 1, 0, 'Asia/Kolkata'),
	(267, '', 14, 12, NULL, '2018-12-11 18:01:44', NULL, 'fds', NULL, NULL, 1, 0, 'Asia/Kolkata'),
	(268, '', 14, 12, NULL, '2018-12-11 18:01:44', NULL, 'f', NULL, NULL, 1, 0, 'Asia/Kolkata'),
	(269, '', 14, 12, NULL, '2018-12-11 18:01:45', NULL, 'dsf', NULL, NULL, 1, 0, 'Asia/Kolkata'),
	(270, '', 14, 12, NULL, '2018-12-11 18:01:45', NULL, 'dsf', NULL, NULL, 1, 0, 'Asia/Kolkata'),
	(271, '', 14, 12, NULL, '2018-12-11 18:01:46', NULL, 'ds', NULL, NULL, 1, 0, 'Asia/Kolkata'),
	(272, '', 14, 12, NULL, '2018-12-11 18:01:46', NULL, 'f', NULL, NULL, 1, 0, 'Asia/Kolkata'),
	(273, '', 14, 12, NULL, '2018-12-11 18:01:59', NULL, 'hello', NULL, NULL, 1, 0, 'Asia/Kolkata'),
	(274, '', 14, 12, NULL, '2018-12-11 18:06:01', NULL, 'Hello', NULL, NULL, 1, 0, 'Asia/Kolkata'),
	(275, '', 14, 12, NULL, '2018-12-11 18:06:05', NULL, 'df', NULL, NULL, 1, 0, 'Asia/Kolkata'),
	(276, '', 14, 12, NULL, '2018-12-11 18:06:06', NULL, 'fdgfdgfdg', NULL, NULL, 1, 0, 'Asia/Kolkata'),
	(277, '', 14, 12, NULL, '2018-12-11 18:06:06', NULL, 'dfg', NULL, NULL, 1, 0, 'Asia/Kolkata'),
	(278, '', 14, 12, NULL, '2018-12-11 18:06:06', NULL, 'dfg', NULL, NULL, 1, 0, 'Asia/Kolkata'),
	(279, '', 14, 12, NULL, '2018-12-11 18:06:07', NULL, 'dfg', NULL, NULL, 1, 0, 'Asia/Kolkata'),
	(280, '', 14, 12, NULL, '2018-12-11 18:06:08', NULL, 'dfg', NULL, NULL, 1, 0, 'Asia/Kolkata'),
	(281, '', 14, 12, NULL, '2018-12-11 18:06:08', NULL, 'dfg', NULL, NULL, 1, 0, 'Asia/Kolkata'),
	(282, '', 14, 12, NULL, '2018-12-11 18:06:08', NULL, 'fdg', NULL, NULL, 1, 0, 'Asia/Kolkata'),
	(283, '', 12, 14, NULL, '2018-12-11 18:07:26', NULL, 'HElo', NULL, NULL, 1, 0, 'Asia/Kolkata'),
	(284, '', 12, 14, NULL, '2018-12-11 18:07:35', NULL, 'test', NULL, NULL, 1, 0, 'Asia/Kolkata'),
	(285, '', 14, 12, NULL, '2018-12-11 18:07:47', NULL, '2', NULL, NULL, 1, 0, 'Asia/Kolkata'),
	(286, '', 12, 14, NULL, '2018-12-11 18:10:03', NULL, 'helo', NULL, NULL, 1, 0, 'Asia/Kolkata'),
	(287, '', 14, 12, NULL, '2018-12-11 18:11:06', NULL, 'test', NULL, NULL, 1, 0, 'Asia/Kolkata'),
	(288, '', 14, 12, NULL, '2018-12-11 18:11:10', NULL, 'test', NULL, NULL, 1, 0, 'Asia/Kolkata'),
	(289, '', 14, 12, NULL, '2018-12-11 18:11:13', NULL, 'test', NULL, NULL, 1, 0, 'Asia/Kolkata'),
	(290, '', 12, 14, NULL, '2018-12-11 18:11:19', NULL, 'test', NULL, NULL, 1, 0, 'Asia/Kolkata'),
	(291, '', 14, 12, NULL, '2018-12-11 18:11:25', NULL, 'test', NULL, NULL, 1, 0, 'Asia/Kolkata'),
	(292, '', 14, 12, NULL, '2018-12-11 18:11:27', NULL, 'test', NULL, NULL, 1, 0, 'Asia/Kolkata'),
	(293, '', 14, 12, NULL, '2018-12-11 18:11:27', NULL, 't', NULL, NULL, 1, 0, 'Asia/Kolkata'),
	(294, '', 14, 12, NULL, '2018-12-11 18:11:28', NULL, 't', NULL, NULL, 1, 0, 'Asia/Kolkata'),
	(295, '', 14, 12, NULL, '2018-12-11 18:11:28', NULL, 't', NULL, NULL, 1, 0, 'Asia/Kolkata'),
	(296, '', 14, 12, NULL, '2018-12-11 18:11:28', NULL, 't', NULL, NULL, 1, 0, 'Asia/Kolkata'),
	(297, '', 14, 12, NULL, '2018-12-11 18:11:29', NULL, 't', NULL, NULL, 1, 0, 'Asia/Kolkata'),
	(298, '', 14, 12, NULL, '2018-12-11 18:11:29', NULL, 'tt', NULL, NULL, 1, 0, 'Asia/Kolkata'),
	(299, '', 14, 12, NULL, '2018-12-11 18:11:30', NULL, 't', NULL, NULL, 1, 0, 'Asia/Kolkata'),
	(300, '', 14, 12, NULL, '2018-12-11 18:11:31', NULL, 'end', NULL, NULL, 1, 0, 'Asia/Kolkata'),
	(301, '', 14, 12, NULL, '2018-12-11 18:11:52', NULL, '1', NULL, NULL, 1, 0, 'Asia/Kolkata'),
	(302, '', 12, 14, NULL, '2018-12-11 18:12:49', NULL, 'test', NULL, NULL, 1, 0, 'Asia/Kolkata'),
	(303, '', 12, 14, NULL, '2018-12-11 18:12:57', NULL, 'test', NULL, NULL, 1, 0, 'Asia/Kolkata'),
	(304, '', 12, 14, NULL, '2018-12-11 18:13:03', NULL, '4', NULL, NULL, 1, 0, 'Asia/Kolkata'),
	(305, '', 12, 14, NULL, '2018-12-11 18:13:09', NULL, 'test', NULL, NULL, 1, 0, 'Asia/Kolkata'),
	(306, '', 12, 14, NULL, '2018-12-11 18:13:20', NULL, 'end', NULL, NULL, 1, 0, 'Asia/Kolkata'),
	(307, '', 12, 14, NULL, '2018-12-11 18:13:22', NULL, 'end', NULL, NULL, 1, 0, 'Asia/Kolkata'),
	(308, '', 12, 14, NULL, '2018-12-11 18:13:23', NULL, '1', NULL, NULL, 1, 0, 'Asia/Kolkata'),
	(309, '', 12, 14, NULL, '2018-12-11 18:13:24', NULL, '2', NULL, NULL, 1, 0, 'Asia/Kolkata'),
	(310, '', 12, 14, NULL, '2018-12-11 18:13:25', NULL, '3', NULL, NULL, 1, 0, 'Asia/Kolkata'),
	(311, '', 12, 14, NULL, '2018-12-11 18:13:26', NULL, '45', NULL, NULL, 1, 0, 'Asia/Kolkata'),
	(312, '', 12, 14, NULL, '2018-12-11 18:13:27', NULL, '6', NULL, NULL, 1, 0, 'Asia/Kolkata'),
	(313, '', 12, 14, NULL, '2018-12-11 18:13:28', NULL, '7', NULL, NULL, 1, 0, 'Asia/Kolkata'),
	(314, '', 12, 14, NULL, '2018-12-11 18:13:29', NULL, '8', NULL, NULL, 1, 0, 'Asia/Kolkata'),
	(315, '', 12, 14, NULL, '2018-12-11 18:13:30', NULL, '9', NULL, NULL, 1, 0, 'Asia/Kolkata'),
	(316, '', 14, 12, NULL, '2018-12-11 18:14:01', NULL, 'd', NULL, NULL, 1, 0, 'Asia/Kolkata'),
	(317, '', 12, 14, NULL, '2018-12-11 18:16:33', NULL, 'test', NULL, NULL, 1, 0, 'Asia/Kolkata'),
	(318, '', 12, 14, NULL, '2018-12-11 18:16:35', NULL, 'test', NULL, NULL, 1, 0, 'Asia/Kolkata'),
	(319, '', 12, 14, NULL, '2018-12-11 18:16:36', NULL, 'test', NULL, NULL, 1, 0, 'Asia/Kolkata'),
	(320, '', 12, 14, NULL, '2018-12-11 18:16:48', NULL, 'test', NULL, NULL, 1, 0, 'Asia/Kolkata'),
	(321, '', 12, 14, NULL, '2018-12-11 18:16:57', NULL, 'test', NULL, NULL, 1, 0, 'Asia/Kolkata'),
	(322, '', 12, 14, NULL, '2018-12-11 18:17:03', NULL, '1', NULL, NULL, 1, 0, 'Asia/Kolkata'),
	(323, '', 12, 14, NULL, '2018-12-11 18:17:08', NULL, '2', NULL, NULL, 1, 0, 'Asia/Kolkata'),
	(324, '', 12, 14, NULL, '2018-12-11 18:17:09', NULL, '3', NULL, NULL, 1, 0, 'Asia/Kolkata'),
	(325, '', 12, 14, NULL, '2018-12-11 18:17:11', NULL, '47', NULL, NULL, 1, 0, 'Asia/Kolkata'),
	(326, '', 12, 14, NULL, '2018-12-11 18:17:12', NULL, '5', NULL, NULL, 1, 0, 'Asia/Kolkata'),
	(327, '', 12, 14, NULL, '2018-12-11 18:17:22', NULL, '6', NULL, NULL, 1, 0, 'Asia/Kolkata'),
	(328, '', 12, 14, NULL, '2018-12-11 18:17:24', NULL, '7', NULL, NULL, 1, 0, 'Asia/Kolkata'),
	(329, '', 12, 14, NULL, '2018-12-11 18:17:25', NULL, '8', NULL, NULL, 1, 0, 'Asia/Kolkata'),
	(330, '', 12, 14, NULL, '2018-12-11 18:17:27', NULL, '9', NULL, NULL, 1, 0, 'Asia/Kolkata'),
	(331, '', 14, 12, NULL, '2018-12-12 16:37:39', NULL, 'Hi', NULL, NULL, 1, 0, 'Asia/Kolkata'),
	(332, '', 14, 12, NULL, '2018-12-12 16:38:05', NULL, 'test', NULL, NULL, 1, 0, 'Asia/Kolkata'),
	(333, '', 14, 12, NULL, '2018-12-12 16:38:26', NULL, 'test', NULL, NULL, 1, 0, 'Asia/Kolkata'),
	(334, '', 14, 12, NULL, '2018-12-12 16:38:26', NULL, 'test', NULL, NULL, 1, 0, 'Asia/Kolkata'),
	(335, '', 14, 12, NULL, '2018-12-12 16:38:27', NULL, 'testt', NULL, NULL, 1, 0, 'Asia/Kolkata'),
	(336, '', 12, 14, NULL, '2018-12-12 16:39:16', NULL, 'test', NULL, NULL, 1, 0, 'Asia/Kolkata'),
	(337, '', 12, 14, NULL, '2018-12-12 17:43:29', NULL, 'hello', NULL, NULL, 1, 0, 'Asia/Kolkata'),
	(338, '', 12, 14, NULL, '2018-12-12 17:43:36', NULL, 'test', NULL, NULL, 1, 0, 'Asia/Kolkata'),
	(339, '', 12, 14, NULL, '2018-12-12 17:43:38', NULL, 'test', NULL, NULL, 1, 0, 'Asia/Kolkata'),
	(340, '', 12, 14, NULL, '2018-12-12 17:43:39', NULL, 'test', NULL, NULL, 1, 0, 'Asia/Kolkata'),
	(341, '', 12, 14, NULL, '2018-12-12 17:44:58', NULL, 'test', NULL, NULL, 1, 0, 'Asia/Kolkata'),
	(342, '', 12, 14, NULL, '2018-12-12 17:45:03', NULL, 'Hello', NULL, NULL, 1, 0, 'Asia/Kolkata'),
	(343, '', 12, 14, NULL, '2018-12-12 17:45:18', NULL, 'test', NULL, NULL, 1, 0, 'Asia/Kolkata'),
	(344, '', 12, 14, NULL, '2018-12-12 17:45:20', NULL, 'test', NULL, NULL, 1, 0, 'Asia/Kolkata'),
	(345, '', 14, 12, NULL, '2018-12-12 17:45:33', NULL, 'test', NULL, NULL, 1, 0, 'Asia/Kolkata'),
	(346, '', 14, 12, NULL, '2018-12-12 17:45:36', NULL, 'test', NULL, NULL, 1, 0, 'Asia/Kolkata'),
	(347, '', 14, 12, NULL, '2018-12-12 17:45:40', NULL, 'test', NULL, NULL, 1, 0, 'Asia/Kolkata'),
	(348, '', 14, 12, NULL, '2018-12-12 17:47:28', NULL, 'Boomida', NULL, NULL, 1, 0, 'Asia/Kolkata'),
	(349, '', 14, 12, NULL, '2018-12-12 17:48:39', NULL, 'test', NULL, NULL, 1, 0, 'Asia/Kolkata'),
	(350, '', 14, 12, NULL, '2018-12-12 17:48:45', NULL, 'testes', NULL, NULL, 1, 0, 'Asia/Kolkata'),
	(351, '', 14, 12, NULL, '2018-12-12 17:48:45', NULL, 'test', NULL, NULL, 1, 0, 'Asia/Kolkata'),
	(352, '', 14, 12, NULL, '2018-12-12 17:48:45', NULL, 'est', NULL, NULL, 1, 0, 'Asia/Kolkata'),
	(353, '', 14, 12, NULL, '2018-12-12 17:48:46', NULL, 'est', NULL, NULL, 1, 0, 'Asia/Kolkata'),
	(354, '', 14, 12, NULL, '2018-12-12 17:48:46', NULL, 'est', NULL, NULL, 1, 0, 'Asia/Kolkata'),
	(355, '', 14, 12, NULL, '2018-12-12 17:48:46', NULL, 'est', NULL, NULL, 1, 0, 'Asia/Kolkata'),
	(356, '', 14, 12, NULL, '2018-12-12 17:48:46', NULL, 'es', NULL, NULL, 1, 0, 'Asia/Kolkata'),
	(357, '', 14, 12, NULL, '2018-12-12 17:48:47', NULL, 'tes', NULL, NULL, 1, 0, 'Asia/Kolkata'),
	(358, '', 14, 12, NULL, '2018-12-12 17:48:47', NULL, 't', NULL, NULL, 1, 0, 'Asia/Kolkata'),
	(359, '', 14, 12, NULL, '2018-12-12 17:48:48', NULL, '1', NULL, NULL, 1, 0, 'Asia/Kolkata'),
	(360, '', 12, 14, NULL, '2018-12-12 17:49:04', NULL, 'hello', NULL, NULL, 1, 0, 'Asia/Kolkata'),
	(361, '', 14, 12, NULL, '2018-12-12 17:49:11', NULL, 'test', NULL, NULL, 1, 0, 'Asia/Kolkata');
/*!40000 ALTER TABLE `chat` ENABLE KEYS */;

-- Dumping structure for table mentori.chat_deleted_details
CREATE TABLE IF NOT EXISTS `chat_deleted_details` (
  `id` int(11) NOT NULL AUTO_INCREMENT,
  `chat_id` int(11) DEFAULT NULL,
  `can_view` int(11) DEFAULT NULL,
  `status` int(11) DEFAULT '1',
  `date_created` timestamp NULL DEFAULT CURRENT_TIMESTAMP ON UPDATE CURRENT_TIMESTAMP,
  PRIMARY KEY (`id`)
) ENGINE=InnoDB AUTO_INCREMENT=723 DEFAULT CHARSET=latin1;

-- Dumping data for table mentori.chat_deleted_details: ~644 rows (approximately)
/*!40000 ALTER TABLE `chat_deleted_details` DISABLE KEYS */;
INSERT INTO `chat_deleted_details` (`id`, `chat_id`, `can_view`, `status`, `date_created`) VALUES
	(1, 1, 3, 1, '2018-11-02 10:59:58'),
	(2, 1, 2, 1, '2018-11-02 10:59:58'),
	(3, 2, 2, 1, '2018-11-02 11:00:34'),
	(4, 2, 3, 1, '2018-11-02 11:00:34'),
	(5, 3, 8, 1, '2018-11-05 10:39:36'),
	(6, 3, 4, 1, '2018-11-05 10:39:36'),
	(7, 4, 8, 1, '2018-11-05 12:48:23'),
	(8, 4, 4, 1, '2018-11-05 12:48:23'),
	(9, 5, 8, 1, '2018-11-05 15:02:00'),
	(10, 5, 4, 1, '2018-11-05 15:02:00'),
	(11, 6, 8, 1, '2018-11-05 15:02:47'),
	(12, 6, 4, 1, '2018-11-05 15:02:47'),
	(13, 7, 8, 1, '2018-11-05 15:02:51'),
	(14, 7, 4, 1, '2018-11-05 15:02:51'),
	(15, 8, 8, 1, '2018-11-05 15:02:51'),
	(16, 8, 4, 1, '2018-11-05 15:02:51'),
	(17, 9, 8, 1, '2018-11-05 15:02:52'),
	(18, 9, 4, 1, '2018-11-05 15:02:52'),
	(19, 10, 8, 1, '2018-11-05 15:02:52'),
	(20, 10, 4, 1, '2018-11-05 15:02:52'),
	(21, 11, 8, 1, '2018-11-05 15:02:52'),
	(22, 11, 4, 1, '2018-11-05 15:02:52'),
	(23, 12, 8, 1, '2018-11-07 10:23:28'),
	(24, 12, 4, 1, '2018-11-07 10:23:28'),
	(25, 13, 8, 1, '2018-11-07 10:24:53'),
	(26, 13, 4, 1, '2018-11-07 10:24:53'),
	(27, 14, 8, 1, '2018-11-07 10:25:34'),
	(28, 14, 4, 1, '2018-11-07 10:25:34'),
	(29, 15, 8, 1, '2018-11-07 10:25:54'),
	(30, 15, 4, 1, '2018-11-07 10:25:54'),
	(31, 16, 8, 1, '2018-11-07 10:26:41'),
	(32, 16, 4, 1, '2018-11-07 10:26:41'),
	(33, 17, 8, 1, '2018-11-07 10:30:56'),
	(34, 17, 4, 1, '2018-11-07 10:30:56'),
	(35, 18, 8, 1, '2018-11-07 11:20:42'),
	(36, 18, 4, 1, '2018-11-07 11:20:42'),
	(37, 19, 8, 1, '2018-11-07 11:21:07'),
	(38, 19, 2, 1, '2018-11-07 11:21:07'),
	(39, 20, 8, 1, '2018-11-07 11:30:45'),
	(40, 20, 2, 1, '2018-11-07 11:30:45'),
	(41, 21, 8, 1, '2018-11-07 11:31:08'),
	(42, 21, 4, 1, '2018-11-07 11:31:08'),
	(43, 22, 3, 1, '2018-11-07 12:04:26'),
	(44, 22, 2, 1, '2018-11-07 12:04:26'),
	(45, 23, 8, 1, '2018-11-07 12:06:04'),
	(46, 23, 2, 1, '2018-11-07 12:06:04'),
	(47, 24, 8, 1, '2018-11-07 12:07:47'),
	(48, 24, 4, 1, '2018-11-07 12:07:47'),
	(49, 25, 8, 1, '2018-11-07 12:08:01'),
	(50, 25, 4, 1, '2018-11-07 12:08:01'),
	(51, 26, 8, 1, '2018-11-07 12:08:06'),
	(52, 26, 4, 1, '2018-11-07 12:08:06'),
	(53, 27, 8, 1, '2018-11-07 12:08:08'),
	(54, 27, 4, 1, '2018-11-07 12:08:08'),
	(55, 28, 8, 1, '2018-11-07 12:08:14'),
	(56, 28, 4, 1, '2018-11-07 12:08:14'),
	(57, 29, 8, 1, '2018-11-07 17:26:35'),
	(58, 29, 4, 1, '2018-11-07 17:26:35'),
	(59, 30, 8, 1, '2018-11-07 17:27:39'),
	(60, 30, 4, 1, '2018-11-07 17:27:39'),
	(61, 31, 8, 1, '2018-11-07 17:28:11'),
	(62, 31, 4, 1, '2018-11-07 17:28:11'),
	(63, 32, 8, 1, '2018-11-07 17:28:51'),
	(64, 32, 4, 1, '2018-11-07 17:28:51'),
	(65, 33, 4, 1, '2018-11-07 17:34:43'),
	(66, 33, 8, 1, '2018-11-07 17:34:43'),
	(67, 34, 4, 1, '2018-11-07 17:34:54'),
	(68, 34, 8, 1, '2018-11-07 17:34:54'),
	(69, 35, 4, 1, '2018-11-07 17:38:48'),
	(70, 35, 8, 1, '2018-11-07 17:38:48'),
	(71, 36, 4, 1, '2018-11-07 17:38:59'),
	(72, 36, 8, 1, '2018-11-07 17:38:59'),
	(73, 37, 4, 1, '2018-11-07 17:39:11'),
	(74, 37, 8, 1, '2018-11-07 17:39:11'),
	(75, 38, 4, 1, '2018-11-07 17:40:23'),
	(76, 38, 8, 1, '2018-11-07 17:40:23'),
	(77, 39, 4, 1, '2018-11-07 17:40:33'),
	(78, 39, 8, 1, '2018-11-07 17:40:33'),
	(79, 40, 8, 1, '2018-11-07 17:41:20'),
	(80, 40, 4, 1, '2018-11-07 17:41:20'),
	(81, 41, 4, 1, '2018-11-07 17:41:34'),
	(82, 41, 8, 1, '2018-11-07 17:41:34'),
	(83, 42, 4, 1, '2018-11-07 17:41:50'),
	(84, 42, 8, 1, '2018-11-07 17:41:50'),
	(85, 43, 4, 1, '2018-11-07 17:43:02'),
	(86, 43, 8, 1, '2018-11-07 17:43:02'),
	(87, 44, 8, 1, '2018-11-07 17:46:15'),
	(88, 44, 4, 1, '2018-11-07 17:46:15'),
	(89, 45, 4, 1, '2018-11-07 17:46:33'),
	(90, 45, 8, 1, '2018-11-07 17:46:33'),
	(91, 46, 8, 1, '2018-11-07 18:35:05'),
	(92, 46, 4, 1, '2018-11-07 18:35:06'),
	(93, 47, 8, 1, '2018-11-07 18:37:21'),
	(94, 47, 4, 1, '2018-11-07 18:37:21'),
	(95, 48, 4, 1, '2018-11-07 18:37:30'),
	(96, 48, 8, 1, '2018-11-07 18:37:30'),
	(97, 49, 4, 1, '2018-11-07 18:44:40'),
	(98, 49, 8, 1, '2018-11-07 18:44:40'),
	(99, 50, 8, 1, '2018-11-07 18:50:32'),
	(100, 50, 4, 1, '2018-11-07 18:50:32'),
	(101, 51, 4, 1, '2018-11-07 18:54:27'),
	(102, 51, 8, 1, '2018-11-07 18:54:27'),
	(103, 52, 8, 1, '2018-11-10 15:47:30'),
	(104, 52, 4, 1, '2018-11-10 15:47:30'),
	(105, 53, 8, 1, '2018-11-10 15:47:41'),
	(106, 53, 4, 1, '2018-11-10 15:47:41'),
	(107, 54, 4, 1, '2018-11-18 11:19:14'),
	(108, 54, 8, 1, '2018-11-18 11:19:14'),
	(109, 55, 4, 1, '2018-11-18 11:19:31'),
	(110, 55, 8, 1, '2018-11-18 11:19:32'),
	(111, 56, 4, 1, '2018-11-18 11:30:00'),
	(112, 56, 8, 1, '2018-11-18 11:30:00'),
	(113, 57, 4, 1, '2018-11-18 11:35:43'),
	(114, 57, 8, 1, '2018-11-18 11:35:43'),
	(115, 58, 4, 1, '2018-11-18 11:36:26'),
	(116, 58, 8, 1, '2018-11-18 11:36:26'),
	(117, 59, 4, 1, '2018-11-18 11:37:37'),
	(118, 59, 8, 1, '2018-11-18 11:37:37'),
	(119, 60, 4, 1, '2018-11-18 11:39:35'),
	(120, 60, 8, 1, '2018-11-18 11:39:35'),
	(121, 61, 4, 1, '2018-11-18 11:39:43'),
	(122, 61, 8, 1, '2018-11-18 11:39:43'),
	(123, 62, 4, 1, '2018-11-18 11:39:45'),
	(124, 62, 8, 1, '2018-11-18 11:39:45'),
	(125, 63, 4, 1, '2018-11-18 11:39:53'),
	(126, 63, 8, 1, '2018-11-18 11:39:53'),
	(127, 64, 4, 1, '2018-11-18 11:39:53'),
	(128, 64, 8, 1, '2018-11-18 11:39:53'),
	(129, 65, 4, 1, '2018-11-18 11:39:54'),
	(130, 65, 8, 1, '2018-11-18 11:39:54'),
	(131, 66, 4, 1, '2018-11-18 11:40:24'),
	(132, 66, 8, 1, '2018-11-18 11:40:24'),
	(133, 67, 4, 1, '2018-11-18 11:40:26'),
	(134, 67, 8, 1, '2018-11-18 11:40:26'),
	(135, 68, 4, 1, '2018-11-18 11:42:11'),
	(136, 68, 8, 1, '2018-11-18 11:42:11'),
	(137, 69, 4, 1, '2018-11-18 11:42:17'),
	(138, 69, 8, 1, '2018-11-18 11:42:17'),
	(139, 70, 8, 1, '2018-11-18 11:43:51'),
	(140, 70, 4, 1, '2018-11-18 11:43:51'),
	(141, 71, 4, 1, '2018-11-18 11:43:57'),
	(142, 71, 8, 1, '2018-11-18 11:43:57'),
	(143, 72, 4, 1, '2018-11-18 11:44:08'),
	(144, 72, 8, 1, '2018-11-18 11:44:08'),
	(145, 73, 8, 1, '2018-11-18 11:44:11'),
	(146, 73, 4, 1, '2018-11-18 11:44:11'),
	(147, 74, 4, 1, '2018-11-19 15:59:23'),
	(148, 74, 8, 1, '2018-11-19 15:59:23'),
	(149, 75, 4, 1, '2018-11-19 18:25:58'),
	(150, 75, 8, 1, '2018-11-19 18:25:58'),
	(151, 76, 4, 1, '2018-11-19 18:30:20'),
	(152, 76, 8, 1, '2018-11-19 18:30:21'),
	(153, 77, 4, 1, '2018-11-19 18:30:26'),
	(154, 77, 8, 1, '2018-11-19 18:30:26'),
	(155, 78, 4, 1, '2018-11-19 18:36:49'),
	(156, 78, 8, 1, '2018-11-19 18:36:49'),
	(157, 79, 4, 1, '2018-11-20 14:29:37'),
	(158, 79, 8, 1, '2018-11-20 14:29:37'),
	(159, 80, 8, 1, '2018-11-20 14:49:12'),
	(160, 80, 4, 1, '2018-11-20 14:49:12'),
	(161, 81, 8, 1, '2018-11-20 14:49:17'),
	(162, 81, 4, 1, '2018-11-20 14:49:17'),
	(163, 82, 8, 1, '2018-11-20 14:49:21'),
	(164, 82, 4, 1, '2018-11-20 14:49:21'),
	(165, 83, 8, 1, '2018-11-20 14:50:52'),
	(166, 83, 4, 1, '2018-11-20 14:50:52'),
	(167, 84, 8, 1, '2018-11-20 14:50:54'),
	(168, 84, 4, 1, '2018-11-20 14:50:54'),
	(169, 85, 8, 1, '2018-11-20 14:50:57'),
	(170, 85, 4, 1, '2018-11-20 14:50:57'),
	(171, 86, 8, 1, '2018-11-20 14:50:59'),
	(172, 86, 4, 1, '2018-11-20 14:50:59'),
	(173, 87, 8, 1, '2018-11-20 14:51:22'),
	(174, 87, 4, 1, '2018-11-20 14:51:22'),
	(175, 88, 8, 1, '2018-11-20 15:06:30'),
	(176, 88, 4, 1, '2018-11-20 15:06:30'),
	(177, 89, 8, 1, '2018-11-20 15:06:36'),
	(178, 89, 4, 1, '2018-11-20 15:06:36'),
	(179, 90, 8, 1, '2018-11-20 15:08:16'),
	(180, 90, 4, 1, '2018-11-20 15:08:16'),
	(181, 91, 8, 1, '2018-11-20 15:20:11'),
	(182, 91, 4, 1, '2018-11-20 15:20:11'),
	(183, 92, 8, 1, '2018-11-20 15:23:45'),
	(184, 92, 4, 1, '2018-11-20 15:23:45'),
	(185, 93, 8, 1, '2018-11-20 15:23:52'),
	(186, 93, 4, 1, '2018-11-20 15:23:52'),
	(187, 94, 4, 1, '2018-11-20 16:11:23'),
	(188, 94, 8, 1, '2018-11-20 16:11:23'),
	(189, 95, 8, 1, '2018-11-20 16:11:35'),
	(190, 95, 4, 1, '2018-11-20 16:11:35'),
	(191, 96, 8, 1, '2018-11-26 18:03:48'),
	(192, 96, 4, 1, '2018-11-26 18:03:48'),
	(193, 97, 4, 1, '2018-11-26 18:03:55'),
	(194, 97, 8, 1, '2018-11-26 18:03:55'),
	(195, 98, 8, 1, '2018-11-26 18:04:01'),
	(196, 98, 4, 1, '2018-11-26 18:04:01'),
	(197, 99, 4, 1, '2018-11-26 18:04:21'),
	(198, 99, 8, 1, '2018-11-26 18:04:21'),
	(199, 100, 4, 1, '2018-11-27 16:35:46'),
	(200, 100, 8, 1, '2018-11-27 16:35:46'),
	(201, 101, 4, 1, '2018-11-27 16:35:50'),
	(202, 101, 8, 1, '2018-11-27 16:35:50'),
	(203, 102, 4, 1, '2018-11-27 16:35:53'),
	(204, 102, 8, 1, '2018-11-27 16:35:53'),
	(205, 103, 8, 1, '2018-11-27 16:36:00'),
	(206, 103, 4, 1, '2018-11-27 16:36:00'),
	(207, 104, 8, 1, '2018-11-27 16:36:08'),
	(208, 104, 4, 1, '2018-11-27 16:36:08'),
	(209, 105, 4, 1, '2018-11-28 14:41:16'),
	(210, 105, 8, 1, '2018-11-28 14:41:16'),
	(211, 106, 4, 1, '2018-11-28 14:41:48'),
	(212, 106, 8, 1, '2018-11-28 14:41:49'),
	(213, 107, 4, 1, '2018-11-28 14:42:02'),
	(214, 107, 8, 1, '2018-11-28 14:42:02'),
	(215, 108, 8, 1, '2018-11-28 14:42:39'),
	(216, 108, 4, 1, '2018-11-28 14:42:39'),
	(217, 109, 4, 1, '2018-11-28 14:42:42'),
	(218, 109, 8, 1, '2018-11-28 14:42:42'),
	(219, 110, 8, 1, '2018-11-29 10:45:42'),
	(220, 110, 4, 1, '2018-11-29 10:45:42'),
	(221, 111, 4, 1, '2018-11-29 10:45:51'),
	(222, 111, 8, 1, '2018-11-29 10:45:51'),
	(223, 112, 8, 1, '2018-11-29 10:45:55'),
	(224, 112, 4, 1, '2018-11-29 10:45:55'),
	(225, 113, 8, 1, '2018-12-04 10:49:18'),
	(226, 113, 4, 1, '2018-12-04 10:49:18'),
	(227, 114, 8, 1, '2018-12-04 10:50:03'),
	(228, 114, 4, 1, '2018-12-04 10:50:03'),
	(229, 115, 8, 1, '2018-12-04 10:50:04'),
	(230, 115, 4, 1, '2018-12-04 10:50:04'),
	(231, 116, 8, 1, '2018-12-04 10:50:05'),
	(232, 116, 4, 1, '2018-12-04 10:50:05'),
	(233, 117, 8, 1, '2018-12-04 10:50:08'),
	(234, 117, 4, 1, '2018-12-04 10:50:08'),
	(235, 118, 8, 1, '2018-12-04 10:50:30'),
	(236, 118, 4, 1, '2018-12-04 10:50:30'),
	(237, 119, 8, 1, '2018-12-04 10:50:36'),
	(238, 119, 4, 1, '2018-12-04 10:50:36'),
	(239, 120, 8, 1, '2018-12-04 10:50:54'),
	(240, 120, 4, 1, '2018-12-04 10:50:54'),
	(241, 121, 4, 1, '2018-12-04 11:30:08'),
	(242, 121, 8, 1, '2018-12-04 11:30:08'),
	(243, 122, 4, 1, '2018-12-04 11:30:13'),
	(244, 122, 8, 1, '2018-12-04 11:30:13'),
	(245, 123, 8, 1, '2018-12-04 11:30:49'),
	(246, 123, 4, 1, '2018-12-04 11:30:49'),
	(247, 124, 8, 1, '2018-12-04 11:31:26'),
	(248, 124, 4, 1, '2018-12-04 11:31:27'),
	(249, 125, 8, 1, '2018-12-04 11:32:40'),
	(250, 125, 4, 1, '2018-12-04 11:32:40'),
	(251, 126, 8, 1, '2018-12-04 11:38:15'),
	(252, 126, 4, 1, '2018-12-04 11:38:15'),
	(253, 127, 8, 1, '2018-12-04 11:39:00'),
	(254, 127, 4, 1, '2018-12-04 11:39:00'),
	(255, 128, 8, 1, '2018-12-04 11:39:35'),
	(256, 128, 4, 1, '2018-12-04 11:39:35'),
	(257, 129, 8, 1, '2018-12-04 11:39:45'),
	(258, 129, 4, 1, '2018-12-04 11:39:45'),
	(259, 130, 8, 1, '2018-12-04 11:39:48'),
	(260, 130, 4, 1, '2018-12-04 11:39:49'),
	(261, 131, 8, 1, '2018-12-04 11:39:50'),
	(262, 131, 4, 1, '2018-12-04 11:39:50'),
	(263, 132, 8, 1, '2018-12-04 11:39:51'),
	(264, 132, 4, 1, '2018-12-04 11:39:51'),
	(265, 133, 8, 1, '2018-12-04 11:39:53'),
	(266, 133, 4, 1, '2018-12-04 11:39:53'),
	(267, 134, 8, 1, '2018-12-04 11:39:54'),
	(268, 134, 4, 1, '2018-12-04 11:39:54'),
	(269, 135, 8, 1, '2018-12-04 11:39:55'),
	(270, 135, 4, 1, '2018-12-04 11:39:55'),
	(271, 136, 8, 1, '2018-12-04 11:39:58'),
	(272, 136, 4, 1, '2018-12-04 11:39:58'),
	(273, 137, 8, 1, '2018-12-04 11:46:18'),
	(274, 137, 4, 1, '2018-12-04 11:46:18'),
	(275, 138, 8, 1, '2018-12-04 11:47:13'),
	(276, 138, 4, 1, '2018-12-04 11:47:13'),
	(277, 139, 8, 1, '2018-12-04 11:47:52'),
	(278, 139, 4, 1, '2018-12-04 11:47:52'),
	(279, 140, 8, 1, '2018-12-04 11:49:16'),
	(280, 140, 4, 1, '2018-12-04 11:49:16'),
	(281, 141, 8, 1, '2018-12-04 11:51:22'),
	(282, 141, 4, 1, '2018-12-04 11:51:22'),
	(283, 142, 8, 1, '2018-12-04 11:51:49'),
	(284, 142, 4, 1, '2018-12-04 11:51:49'),
	(285, 143, 8, 1, '2018-12-04 11:57:05'),
	(286, 143, 4, 1, '2018-12-04 11:57:05'),
	(287, 144, 14, 1, '2018-12-10 17:43:39'),
	(288, 144, 12, 1, '2018-12-10 17:43:39'),
	(289, 145, 12, 1, '2018-12-10 17:43:51'),
	(290, 145, 14, 1, '2018-12-10 17:43:51'),
	(291, 146, 12, 1, '2018-12-10 18:10:17'),
	(292, 146, 14, 1, '2018-12-10 18:10:17'),
	(293, 147, 12, 1, '2018-12-10 18:11:15'),
	(294, 147, 14, 1, '2018-12-10 18:11:15'),
	(295, 148, 12, 1, '2018-12-10 18:20:24'),
	(296, 148, 14, 1, '2018-12-10 18:20:24'),
	(297, 149, 12, 1, '2018-12-10 18:20:47'),
	(298, 149, 14, 1, '2018-12-10 18:20:47'),
	(299, 150, 12, 1, '2018-12-10 18:21:00'),
	(300, 150, 14, 1, '2018-12-10 18:21:00'),
	(301, 151, 12, 1, '2018-12-10 18:25:26'),
	(302, 151, 14, 1, '2018-12-10 18:25:26'),
	(303, 152, 12, 1, '2018-12-10 18:25:29'),
	(304, 152, 14, 1, '2018-12-10 18:25:29'),
	(305, 153, 12, 1, '2018-12-10 18:30:42'),
	(306, 153, 14, 1, '2018-12-10 18:30:42'),
	(307, 154, 12, 1, '2018-12-10 18:30:44'),
	(308, 154, 14, 1, '2018-12-10 18:30:44'),
	(309, 155, 12, 1, '2018-12-10 18:30:52'),
	(310, 155, 14, 1, '2018-12-10 18:30:52'),
	(311, 156, 12, 1, '2018-12-10 18:31:02'),
	(312, 156, 14, 1, '2018-12-10 18:31:02'),
	(313, 157, 12, 1, '2018-12-10 18:32:51'),
	(314, 157, 14, 1, '2018-12-10 18:32:51'),
	(315, 158, 12, 1, '2018-12-10 18:32:52'),
	(316, 158, 14, 1, '2018-12-10 18:32:52'),
	(317, 159, 12, 1, '2018-12-10 18:32:54'),
	(318, 159, 14, 1, '2018-12-10 18:32:54'),
	(319, 160, 12, 1, '2018-12-10 18:33:33'),
	(320, 160, 14, 1, '2018-12-10 18:33:33'),
	(321, 161, 12, 1, '2018-12-10 18:33:38'),
	(322, 161, 14, 1, '2018-12-10 18:33:38'),
	(323, 162, 12, 1, '2018-12-10 18:34:42'),
	(324, 162, 14, 1, '2018-12-10 18:34:42'),
	(325, 163, 12, 1, '2018-12-10 18:34:44'),
	(326, 163, 14, 1, '2018-12-10 18:34:44'),
	(327, 164, 12, 1, '2018-12-10 18:34:45'),
	(328, 164, 14, 1, '2018-12-10 18:34:45'),
	(329, 165, 12, 1, '2018-12-10 18:34:56'),
	(330, 165, 14, 1, '2018-12-10 18:34:56'),
	(331, 166, 12, 1, '2018-12-10 18:35:14'),
	(332, 166, 14, 1, '2018-12-10 18:35:14'),
	(333, 167, 12, 1, '2018-12-10 18:35:15'),
	(334, 167, 14, 1, '2018-12-10 18:35:16'),
	(335, 168, 12, 1, '2018-12-10 18:35:18'),
	(336, 168, 14, 1, '2018-12-10 18:35:18'),
	(337, 169, 12, 1, '2018-12-10 18:35:18'),
	(338, 169, 14, 1, '2018-12-10 18:35:19'),
	(339, 170, 12, 1, '2018-12-11 09:52:28'),
	(340, 170, 14, 1, '2018-12-11 09:52:28'),
	(341, 171, 12, 1, '2018-12-11 09:52:30'),
	(342, 171, 14, 1, '2018-12-11 09:52:30'),
	(343, 172, 12, 1, '2018-12-11 09:52:34'),
	(344, 172, 14, 1, '2018-12-11 09:52:34'),
	(345, 173, 12, 1, '2018-12-11 09:52:36'),
	(346, 173, 14, 1, '2018-12-11 09:52:36'),
	(347, 174, 12, 1, '2018-12-11 09:52:38'),
	(348, 174, 14, 1, '2018-12-11 09:52:38'),
	(349, 175, 12, 1, '2018-12-11 09:52:45'),
	(350, 175, 14, 1, '2018-12-11 09:52:45'),
	(351, 176, 12, 1, '2018-12-11 09:53:00'),
	(352, 176, 14, 1, '2018-12-11 09:53:00'),
	(353, 177, 12, 1, '2018-12-11 09:55:32'),
	(354, 177, 14, 1, '2018-12-11 09:55:32'),
	(355, 178, 12, 1, '2018-12-11 10:00:51'),
	(356, 178, 14, 1, '2018-12-11 10:00:52'),
	(357, 179, 12, 1, '2018-12-11 10:01:08'),
	(358, 179, 14, 1, '2018-12-11 10:01:08'),
	(359, 180, 12, 1, '2018-12-11 10:01:30'),
	(360, 180, 14, 1, '2018-12-11 10:01:30'),
	(361, 181, 14, 1, '2018-12-11 10:10:35'),
	(362, 181, 12, 1, '2018-12-11 10:10:35'),
	(363, 182, 14, 1, '2018-12-11 11:44:42'),
	(364, 182, 12, 1, '2018-12-11 11:44:42'),
	(365, 183, 14, 1, '2018-12-11 12:46:59'),
	(366, 183, 12, 1, '2018-12-11 12:46:59'),
	(367, 184, 14, 1, '2018-12-11 15:58:19'),
	(368, 184, 12, 1, '2018-12-11 15:58:19'),
	(369, 185, 14, 1, '2018-12-11 15:58:28'),
	(370, 185, 12, 1, '2018-12-11 15:58:28'),
	(371, 186, 14, 1, '2018-12-11 15:58:46'),
	(372, 186, 12, 1, '2018-12-11 15:58:46'),
	(373, 187, 14, 1, '2018-12-11 15:58:56'),
	(374, 187, 12, 1, '2018-12-11 15:58:56'),
	(375, 188, 12, 1, '2018-12-11 15:59:05'),
	(376, 188, 14, 1, '2018-12-11 15:59:05'),
	(377, 189, 14, 1, '2018-12-11 15:59:18'),
	(378, 189, 12, 1, '2018-12-11 15:59:18'),
	(379, 190, 12, 1, '2018-12-11 15:59:41'),
	(380, 190, 14, 1, '2018-12-11 15:59:41'),
	(381, 191, 14, 1, '2018-12-11 16:00:01'),
	(382, 191, 12, 1, '2018-12-11 16:00:01'),
	(383, 192, 14, 1, '2018-12-11 16:00:13'),
	(384, 192, 12, 1, '2018-12-11 16:00:13'),
	(385, 193, 14, 1, '2018-12-11 16:00:21'),
	(386, 193, 12, 1, '2018-12-11 16:00:21'),
	(387, 194, 14, 1, '2018-12-11 16:00:22'),
	(388, 194, 12, 1, '2018-12-11 16:00:22'),
	(389, 195, 14, 1, '2018-12-11 16:00:23'),
	(390, 195, 12, 1, '2018-12-11 16:00:23'),
	(391, 196, 14, 1, '2018-12-11 16:01:20'),
	(392, 196, 12, 1, '2018-12-11 16:01:20'),
	(393, 197, 14, 1, '2018-12-11 16:01:38'),
	(394, 197, 12, 1, '2018-12-11 16:01:38'),
	(395, 198, 14, 1, '2018-12-11 16:01:42'),
	(396, 198, 12, 1, '2018-12-11 16:01:42'),
	(397, 199, 14, 1, '2018-12-11 16:01:48'),
	(398, 199, 12, 1, '2018-12-11 16:01:48'),
	(399, 200, 14, 1, '2018-12-11 16:01:53'),
	(400, 200, 12, 1, '2018-12-11 16:01:53'),
	(401, 201, 12, 1, '2018-12-11 16:02:00'),
	(402, 201, 14, 1, '2018-12-11 16:02:00'),
	(403, 202, 12, 1, '2018-12-11 16:02:04'),
	(404, 202, 14, 1, '2018-12-11 16:02:04'),
	(405, 203, 12, 1, '2018-12-11 16:02:07'),
	(406, 203, 14, 1, '2018-12-11 16:02:07'),
	(407, 204, 14, 1, '2018-12-11 16:02:21'),
	(408, 204, 12, 1, '2018-12-11 16:02:21'),
	(409, 205, 12, 1, '2018-12-11 16:02:28'),
	(410, 205, 14, 1, '2018-12-11 16:02:28'),
	(411, 206, 14, 1, '2018-12-11 16:05:06'),
	(412, 206, 12, 1, '2018-12-11 16:05:06'),
	(413, 207, 14, 1, '2018-12-11 16:09:10'),
	(414, 207, 12, 1, '2018-12-11 16:09:10'),
	(415, 208, 14, 1, '2018-12-11 16:09:39'),
	(416, 208, 12, 1, '2018-12-11 16:09:39'),
	(417, 209, 14, 1, '2018-12-11 16:14:16'),
	(418, 209, 12, 1, '2018-12-11 16:14:16'),
	(419, 210, 12, 1, '2018-12-11 16:16:04'),
	(420, 210, 14, 1, '2018-12-11 16:16:04'),
	(421, 211, 12, 1, '2018-12-11 16:19:53'),
	(422, 211, 14, 1, '2018-12-11 16:19:53'),
	(423, 212, 14, 1, '2018-12-11 16:20:06'),
	(424, 212, 12, 1, '2018-12-11 16:20:07'),
	(425, 213, 14, 1, '2018-12-11 16:20:15'),
	(426, 213, 12, 1, '2018-12-11 16:20:16'),
	(427, 214, 12, 1, '2018-12-11 16:24:08'),
	(428, 214, 14, 1, '2018-12-11 16:24:08'),
	(429, 215, 14, 1, '2018-12-11 16:24:28'),
	(430, 215, 12, 1, '2018-12-11 16:24:28'),
	(431, 216, 14, 1, '2018-12-11 16:24:34'),
	(432, 216, 12, 1, '2018-12-11 16:24:34'),
	(433, 217, 14, 1, '2018-12-11 16:24:36'),
	(434, 217, 12, 1, '2018-12-11 16:24:37'),
	(435, 218, 14, 1, '2018-12-11 16:24:39'),
	(436, 218, 12, 1, '2018-12-11 16:24:39'),
	(437, 219, 12, 1, '2018-12-11 16:24:42'),
	(438, 219, 14, 1, '2018-12-11 16:24:42'),
	(439, 220, 12, 1, '2018-12-11 16:24:45'),
	(440, 220, 14, 1, '2018-12-11 16:24:45'),
	(441, 221, 12, 1, '2018-12-11 16:24:56'),
	(442, 221, 14, 1, '2018-12-11 16:24:56'),
	(443, 222, 14, 1, '2018-12-11 16:25:20'),
	(444, 222, 12, 1, '2018-12-11 16:25:20'),
	(445, 223, 14, 1, '2018-12-11 16:25:32'),
	(446, 223, 12, 1, '2018-12-11 16:25:32'),
	(447, 224, 14, 1, '2018-12-11 16:25:37'),
	(448, 224, 12, 1, '2018-12-11 16:25:37'),
	(449, 225, 14, 1, '2018-12-11 16:26:24'),
	(450, 225, 12, 1, '2018-12-11 16:26:24'),
	(451, 226, 14, 1, '2018-12-11 16:26:29'),
	(452, 226, 12, 1, '2018-12-11 16:26:29'),
	(453, 227, 14, 1, '2018-12-11 16:26:46'),
	(454, 227, 12, 1, '2018-12-11 16:26:46'),
	(455, 228, 14, 1, '2018-12-11 16:32:07'),
	(456, 228, 12, 1, '2018-12-11 16:32:07'),
	(457, 229, 14, 1, '2018-12-11 16:32:13'),
	(458, 229, 12, 1, '2018-12-11 16:32:13'),
	(459, 230, 12, 1, '2018-12-11 16:32:32'),
	(460, 230, 14, 1, '2018-12-11 16:32:32'),
	(461, 231, 12, 1, '2018-12-11 16:33:40'),
	(462, 231, 14, 1, '2018-12-11 16:33:41'),
	(463, 232, 12, 1, '2018-12-11 16:33:45'),
	(464, 232, 14, 1, '2018-12-11 16:33:45'),
	(465, 233, 12, 1, '2018-12-11 16:33:47'),
	(466, 233, 14, 1, '2018-12-11 16:33:47'),
	(467, 234, 14, 1, '2018-12-11 16:34:18'),
	(468, 234, 12, 1, '2018-12-11 16:34:18'),
	(469, 235, 12, 1, '2018-12-11 16:34:29'),
	(470, 235, 14, 1, '2018-12-11 16:34:29'),
	(471, 236, 12, 1, '2018-12-11 16:34:40'),
	(472, 236, 14, 1, '2018-12-11 16:34:40'),
	(473, 237, 14, 1, '2018-12-11 16:35:01'),
	(474, 237, 12, 1, '2018-12-11 16:35:01'),
	(475, 238, 14, 1, '2018-12-11 16:35:07'),
	(476, 238, 12, 1, '2018-12-11 16:35:07'),
	(477, 239, 12, 1, '2018-12-11 16:35:11'),
	(478, 239, 14, 1, '2018-12-11 16:35:11'),
	(479, 240, 14, 1, '2018-12-11 16:36:41'),
	(480, 240, 12, 1, '2018-12-11 16:36:41'),
	(481, 241, 14, 1, '2018-12-11 16:36:54'),
	(482, 241, 12, 1, '2018-12-11 16:36:54'),
	(483, 242, 14, 1, '2018-12-11 16:40:14'),
	(484, 242, 12, 1, '2018-12-11 16:40:14'),
	(485, 243, 14, 1, '2018-12-11 16:40:30'),
	(486, 243, 12, 1, '2018-12-11 16:40:31'),
	(487, 244, 14, 1, '2018-12-11 16:40:35'),
	(488, 244, 12, 1, '2018-12-11 16:40:35'),
	(489, 245, 14, 1, '2018-12-11 16:40:40'),
	(490, 245, 12, 1, '2018-12-11 16:40:40'),
	(491, 246, 14, 1, '2018-12-11 16:41:48'),
	(492, 246, 12, 1, '2018-12-11 16:41:48'),
	(493, 247, 12, 1, '2018-12-11 16:41:56'),
	(494, 247, 14, 1, '2018-12-11 16:41:56'),
	(495, 248, 14, 1, '2018-12-11 16:42:02'),
	(496, 248, 12, 1, '2018-12-11 16:42:02'),
	(497, 249, 12, 1, '2018-12-11 16:42:10'),
	(498, 249, 14, 1, '2018-12-11 16:42:10'),
	(499, 250, 14, 1, '2018-12-11 16:42:18'),
	(500, 250, 12, 1, '2018-12-11 16:42:18'),
	(501, 251, 14, 1, '2018-12-11 16:42:23'),
	(502, 251, 12, 1, '2018-12-11 16:42:23'),
	(503, 252, 12, 1, '2018-12-11 16:42:45'),
	(504, 252, 14, 1, '2018-12-11 16:42:45'),
	(505, 253, 14, 1, '2018-12-11 16:42:54'),
	(506, 253, 12, 1, '2018-12-11 16:42:54'),
	(507, 254, 12, 1, '2018-12-11 16:43:09'),
	(508, 254, 14, 1, '2018-12-11 16:43:09'),
	(509, 255, 12, 1, '2018-12-11 16:47:41'),
	(510, 255, 14, 1, '2018-12-11 16:47:41'),
	(511, 256, 14, 1, '2018-12-11 16:49:26'),
	(512, 256, 12, 1, '2018-12-11 16:49:26'),
	(513, 257, 14, 1, '2018-12-11 16:49:33'),
	(514, 257, 12, 1, '2018-12-11 16:49:33'),
	(515, 258, 14, 1, '2018-12-11 16:50:12'),
	(516, 258, 12, 1, '2018-12-11 16:50:12'),
	(517, 259, 14, 1, '2018-12-11 16:56:53'),
	(518, 259, 12, 1, '2018-12-11 16:56:53'),
	(519, 260, 12, 1, '2018-12-11 17:27:11'),
	(520, 260, 14, 1, '2018-12-11 17:27:11'),
	(521, 261, 14, 1, '2018-12-11 18:01:30'),
	(522, 261, 12, 1, '2018-12-11 18:01:30'),
	(523, 262, 14, 1, '2018-12-11 18:01:41'),
	(524, 262, 12, 1, '2018-12-11 18:01:41'),
	(525, 263, 14, 1, '2018-12-11 18:01:41'),
	(526, 263, 12, 1, '2018-12-11 18:01:42'),
	(527, 264, 14, 1, '2018-12-11 18:01:42'),
	(528, 264, 12, 1, '2018-12-11 18:01:42'),
	(529, 265, 14, 1, '2018-12-11 18:01:43'),
	(530, 265, 12, 1, '2018-12-11 18:01:44'),
	(531, 266, 14, 1, '2018-12-11 18:01:44'),
	(532, 266, 12, 1, '2018-12-11 18:01:44'),
	(533, 267, 14, 1, '2018-12-11 18:01:44'),
	(534, 267, 12, 1, '2018-12-11 18:01:44'),
	(535, 268, 14, 1, '2018-12-11 18:01:45'),
	(536, 268, 12, 1, '2018-12-11 18:01:45'),
	(537, 269, 14, 1, '2018-12-11 18:01:45'),
	(538, 269, 12, 1, '2018-12-11 18:01:45'),
	(539, 270, 14, 1, '2018-12-11 18:01:45'),
	(540, 270, 12, 1, '2018-12-11 18:01:45'),
	(541, 271, 14, 1, '2018-12-11 18:01:46'),
	(542, 271, 12, 1, '2018-12-11 18:01:46'),
	(543, 272, 14, 1, '2018-12-11 18:01:47'),
	(544, 272, 12, 1, '2018-12-11 18:01:47'),
	(545, 273, 14, 1, '2018-12-11 18:01:59'),
	(546, 273, 12, 1, '2018-12-11 18:01:59'),
	(547, 274, 14, 1, '2018-12-11 18:06:01'),
	(548, 274, 12, 1, '2018-12-11 18:06:01'),
	(549, 275, 14, 1, '2018-12-11 18:06:05'),
	(550, 275, 12, 1, '2018-12-11 18:06:05'),
	(551, 276, 14, 1, '2018-12-11 18:06:06'),
	(552, 276, 12, 1, '2018-12-11 18:06:06'),
	(553, 277, 14, 1, '2018-12-11 18:06:06'),
	(554, 277, 12, 1, '2018-12-11 18:06:06'),
	(555, 278, 14, 1, '2018-12-11 18:06:07'),
	(556, 278, 12, 1, '2018-12-11 18:06:07'),
	(557, 279, 14, 1, '2018-12-11 18:06:07'),
	(558, 279, 12, 1, '2018-12-11 18:06:07'),
	(559, 280, 14, 1, '2018-12-11 18:06:08'),
	(560, 280, 12, 1, '2018-12-11 18:06:08'),
	(561, 281, 14, 1, '2018-12-11 18:06:08'),
	(562, 281, 12, 1, '2018-12-11 18:06:08'),
	(563, 282, 14, 1, '2018-12-11 18:06:08'),
	(564, 282, 12, 1, '2018-12-11 18:06:09'),
	(565, 283, 12, 1, '2018-12-11 18:07:26'),
	(566, 283, 14, 1, '2018-12-11 18:07:26'),
	(567, 284, 12, 1, '2018-12-11 18:07:35'),
	(568, 284, 14, 1, '2018-12-11 18:07:35'),
	(569, 285, 14, 1, '2018-12-11 18:07:47'),
	(570, 285, 12, 1, '2018-12-11 18:07:47'),
	(571, 286, 12, 1, '2018-12-11 18:10:03'),
	(572, 286, 14, 1, '2018-12-11 18:10:03'),
	(573, 287, 14, 1, '2018-12-11 18:11:06'),
	(574, 287, 12, 1, '2018-12-11 18:11:06'),
	(575, 288, 14, 1, '2018-12-11 18:11:10'),
	(576, 288, 12, 1, '2018-12-11 18:11:10'),
	(577, 289, 14, 1, '2018-12-11 18:11:13'),
	(578, 289, 12, 1, '2018-12-11 18:11:13'),
	(579, 290, 12, 1, '2018-12-11 18:11:19'),
	(580, 290, 14, 1, '2018-12-11 18:11:19'),
	(581, 291, 14, 1, '2018-12-11 18:11:25'),
	(582, 291, 12, 1, '2018-12-11 18:11:25'),
	(583, 292, 14, 1, '2018-12-11 18:11:27'),
	(584, 292, 12, 1, '2018-12-11 18:11:27'),
	(585, 293, 14, 1, '2018-12-11 18:11:27'),
	(586, 293, 12, 1, '2018-12-11 18:11:27'),
	(587, 294, 14, 1, '2018-12-11 18:11:28'),
	(588, 294, 12, 1, '2018-12-11 18:11:28'),
	(589, 295, 14, 1, '2018-12-11 18:11:28'),
	(590, 295, 12, 1, '2018-12-11 18:11:28'),
	(591, 296, 14, 1, '2018-12-11 18:11:29'),
	(592, 296, 12, 1, '2018-12-11 18:11:29'),
	(593, 297, 14, 1, '2018-12-11 18:11:29'),
	(594, 297, 12, 1, '2018-12-11 18:11:29'),
	(595, 298, 14, 1, '2018-12-11 18:11:30'),
	(596, 298, 12, 1, '2018-12-11 18:11:30'),
	(597, 299, 14, 1, '2018-12-11 18:11:30'),
	(598, 299, 12, 1, '2018-12-11 18:11:30'),
	(599, 300, 14, 1, '2018-12-11 18:11:31'),
	(600, 300, 12, 1, '2018-12-11 18:11:32'),
	(601, 301, 14, 1, '2018-12-11 18:11:52'),
	(602, 301, 12, 1, '2018-12-11 18:11:52'),
	(603, 302, 12, 1, '2018-12-11 18:12:49'),
	(604, 302, 14, 1, '2018-12-11 18:12:49'),
	(605, 303, 12, 1, '2018-12-11 18:12:57'),
	(606, 303, 14, 1, '2018-12-11 18:12:57'),
	(607, 304, 12, 1, '2018-12-11 18:13:03'),
	(608, 304, 14, 1, '2018-12-11 18:13:04'),
	(609, 305, 12, 1, '2018-12-11 18:13:09'),
	(610, 305, 14, 1, '2018-12-11 18:13:09'),
	(611, 306, 12, 1, '2018-12-11 18:13:21'),
	(612, 306, 14, 1, '2018-12-11 18:13:21'),
	(613, 307, 12, 1, '2018-12-11 18:13:22'),
	(614, 307, 14, 1, '2018-12-11 18:13:22'),
	(615, 308, 12, 1, '2018-12-11 18:13:23'),
	(616, 308, 14, 1, '2018-12-11 18:13:24'),
	(617, 309, 12, 1, '2018-12-11 18:13:25'),
	(618, 309, 14, 1, '2018-12-11 18:13:25'),
	(619, 310, 12, 1, '2018-12-11 18:13:26'),
	(620, 310, 14, 1, '2018-12-11 18:13:26'),
	(621, 311, 12, 1, '2018-12-11 18:13:26'),
	(622, 311, 14, 1, '2018-12-11 18:13:26'),
	(623, 312, 12, 1, '2018-12-11 18:13:27'),
	(624, 312, 14, 1, '2018-12-11 18:13:27'),
	(625, 313, 12, 1, '2018-12-11 18:13:28'),
	(626, 313, 14, 1, '2018-12-11 18:13:28'),
	(627, 314, 12, 1, '2018-12-11 18:13:29'),
	(628, 314, 14, 1, '2018-12-11 18:13:29'),
	(629, 315, 12, 1, '2018-12-11 18:13:31'),
	(630, 315, 14, 1, '2018-12-11 18:13:31'),
	(631, 316, 14, 1, '2018-12-11 18:14:01'),
	(632, 316, 12, 1, '2018-12-11 18:14:01'),
	(633, 317, 12, 1, '2018-12-11 18:16:34'),
	(634, 317, 14, 1, '2018-12-11 18:16:34'),
	(635, 318, 12, 1, '2018-12-11 18:16:35'),
	(636, 318, 14, 1, '2018-12-11 18:16:35'),
	(637, 319, 12, 1, '2018-12-11 18:16:36'),
	(638, 319, 14, 1, '2018-12-11 18:16:36'),
	(639, 320, 12, 1, '2018-12-11 18:16:48'),
	(640, 320, 14, 1, '2018-12-11 18:16:48'),
	(641, 321, 12, 1, '2018-12-11 18:16:57'),
	(642, 321, 14, 1, '2018-12-11 18:16:57'),
	(643, 322, 12, 1, '2018-12-11 18:17:03'),
	(644, 322, 14, 1, '2018-12-11 18:17:04'),
	(645, 323, 12, 1, '2018-12-11 18:17:08'),
	(646, 323, 14, 1, '2018-12-11 18:17:08'),
	(647, 324, 12, 1, '2018-12-11 18:17:09'),
	(648, 324, 14, 1, '2018-12-11 18:17:10'),
	(649, 325, 12, 1, '2018-12-11 18:17:11'),
	(650, 325, 14, 1, '2018-12-11 18:17:11'),
	(651, 326, 12, 1, '2018-12-11 18:17:12'),
	(652, 326, 14, 1, '2018-12-11 18:17:12'),
	(653, 327, 12, 1, '2018-12-11 18:17:22'),
	(654, 327, 14, 1, '2018-12-11 18:17:22'),
	(655, 328, 12, 1, '2018-12-11 18:17:24'),
	(656, 328, 14, 1, '2018-12-11 18:17:24'),
	(657, 329, 12, 1, '2018-12-11 18:17:26'),
	(658, 329, 14, 1, '2018-12-11 18:17:26'),
	(659, 330, 12, 1, '2018-12-11 18:17:27'),
	(660, 330, 14, 1, '2018-12-11 18:17:27'),
	(661, 331, 14, 1, '2018-12-12 16:37:39'),
	(662, 331, 12, 1, '2018-12-12 16:37:39'),
	(663, 332, 14, 1, '2018-12-12 16:38:05'),
	(664, 332, 12, 1, '2018-12-12 16:38:05'),
	(665, 333, 14, 1, '2018-12-12 16:38:26'),
	(666, 333, 12, 1, '2018-12-12 16:38:26'),
	(667, 334, 14, 1, '2018-12-12 16:38:26'),
	(668, 334, 12, 1, '2018-12-12 16:38:27'),
	(669, 335, 14, 1, '2018-12-12 16:38:27'),
	(670, 335, 12, 1, '2018-12-12 16:38:27'),
	(671, 336, 12, 1, '2018-12-12 16:39:16'),
	(672, 336, 14, 1, '2018-12-12 16:39:16'),
	(673, 337, 12, 1, '2018-12-12 17:43:29'),
	(674, 337, 14, 1, '2018-12-12 17:43:29'),
	(675, 338, 12, 1, '2018-12-12 17:43:36'),
	(676, 338, 14, 1, '2018-12-12 17:43:36'),
	(677, 339, 12, 1, '2018-12-12 17:43:38'),
	(678, 339, 14, 1, '2018-12-12 17:43:38'),
	(679, 340, 12, 1, '2018-12-12 17:43:40'),
	(680, 340, 14, 1, '2018-12-12 17:43:40'),
	(681, 341, 12, 1, '2018-12-12 17:44:59'),
	(682, 341, 14, 1, '2018-12-12 17:44:59'),
	(683, 342, 12, 1, '2018-12-12 17:45:03'),
	(684, 342, 14, 1, '2018-12-12 17:45:03'),
	(685, 343, 12, 1, '2018-12-12 17:45:19'),
	(686, 343, 14, 1, '2018-12-12 17:45:19'),
	(687, 344, 12, 1, '2018-12-12 17:45:20'),
	(688, 344, 14, 1, '2018-12-12 17:45:20'),
	(689, 345, 14, 1, '2018-12-12 17:45:33'),
	(690, 345, 12, 1, '2018-12-12 17:45:33'),
	(691, 346, 14, 1, '2018-12-12 17:45:36'),
	(692, 346, 12, 1, '2018-12-12 17:45:37'),
	(693, 347, 14, 1, '2018-12-12 17:45:40'),
	(694, 347, 12, 1, '2018-12-12 17:45:40'),
	(695, 348, 14, 1, '2018-12-12 17:47:28'),
	(696, 348, 12, 1, '2018-12-12 17:47:28'),
	(697, 349, 14, 1, '2018-12-12 17:48:39'),
	(698, 349, 12, 1, '2018-12-12 17:48:39'),
	(699, 350, 14, 1, '2018-12-12 17:48:45'),
	(700, 350, 12, 1, '2018-12-12 17:48:45'),
	(701, 351, 14, 1, '2018-12-12 17:48:45'),
	(702, 351, 12, 1, '2018-12-12 17:48:45'),
	(703, 352, 14, 1, '2018-12-12 17:48:45'),
	(704, 352, 12, 1, '2018-12-12 17:48:45'),
	(705, 353, 14, 1, '2018-12-12 17:48:46'),
	(706, 353, 12, 1, '2018-12-12 17:48:46'),
	(707, 354, 14, 1, '2018-12-12 17:48:46'),
	(708, 354, 12, 1, '2018-12-12 17:48:46'),
	(709, 355, 14, 1, '2018-12-12 17:48:46'),
	(710, 355, 12, 1, '2018-12-12 17:48:46'),
	(711, 356, 14, 1, '2018-12-12 17:48:46'),
	(712, 356, 12, 1, '2018-12-12 17:48:47'),
	(713, 357, 14, 1, '2018-12-12 17:48:47'),
	(714, 357, 12, 1, '2018-12-12 17:48:47'),
	(715, 358, 14, 1, '2018-12-12 17:48:47'),
	(716, 358, 12, 1, '2018-12-12 17:48:47'),
	(717, 359, 14, 1, '2018-12-12 17:48:48'),
	(718, 359, 12, 1, '2018-12-12 17:48:48'),
	(719, 360, 12, 1, '2018-12-12 17:49:04'),
	(720, 360, 14, 1, '2018-12-12 17:49:04'),
	(721, 361, 14, 1, '2018-12-12 17:49:11'),
	(722, 361, 12, 1, '2018-12-12 17:49:11');
/*!40000 ALTER TABLE `chat_deleted_details` ENABLE KEYS */;

-- Dumping structure for table mentori.city
CREATE TABLE IF NOT EXISTS `city` (
  `id` int(11) NOT NULL AUTO_INCREMENT,
  `city` varchar(30) NOT NULL,
  `stateid` int(11) NOT NULL,
  PRIMARY KEY (`id`)
) ENGINE=InnoDB DEFAULT CHARSET=latin1;

-- Dumping data for table mentori.city: ~0 rows (approximately)
/*!40000 ALTER TABLE `city` DISABLE KEYS */;
/*!40000 ALTER TABLE `city` ENABLE KEYS */;

-- Dumping structure for table mentori.ci_sessions
CREATE TABLE IF NOT EXISTS `ci_sessions` (
  `id` varchar(128) NOT NULL,
  `ip_address` varchar(45) NOT NULL,
  `timestamp` int(10) unsigned NOT NULL DEFAULT '0',
  `data` blob NOT NULL,
  KEY `ci_sessions_timestamp` (`timestamp`)
) ENGINE=InnoDB DEFAULT CHARSET=latin1;

-- Dumping data for table mentori.ci_sessions: ~0 rows (approximately)
/*!40000 ALTER TABLE `ci_sessions` DISABLE KEYS */;
/*!40000 ALTER TABLE `ci_sessions` ENABLE KEYS */;

-- Dumping structure for table mentori.comments
CREATE TABLE IF NOT EXISTS `comments` (
  `id` int(11) NOT NULL AUTO_INCREMENT,
  `post_id` int(11) DEFAULT NULL,
  `user_id` int(11) DEFAULT NULL,
  `parent_id` int(11) DEFAULT NULL,
  `comment` varchar(1000) DEFAULT NULL,
  `created_at` timestamp NULL DEFAULT CURRENT_TIMESTAMP,
  PRIMARY KEY (`id`)
) ENGINE=InnoDB AUTO_INCREMENT=19 DEFAULT CHARSET=utf8;

-- Dumping data for table mentori.comments: ~11 rows (approximately)
/*!40000 ALTER TABLE `comments` DISABLE KEYS */;
INSERT INTO `comments` (`id`, `post_id`, `user_id`, `parent_id`, `comment`, `created_at`) VALUES
	(4, 5, 12, 0, 'test', '2018-12-22 15:15:09'),
	(5, 5, 12, 0, 'test', '2018-12-22 15:18:57'),
	(6, 5, 1, 0, 'test', '2018-12-22 15:19:15'),
	(7, 5, 12, 6, 'test', '2018-12-22 15:19:27'),
	(8, 5, 12, 0, 'Hello', '2018-12-22 15:28:47'),
	(11, 5, 12, 5, 'test', '2018-12-22 15:38:47'),
	(12, 5, 12, 4, 'kgjh', '2018-12-22 15:39:22'),
	(13, 5, 12, 4, '456', '2018-12-22 15:39:27'),
	(14, 7, 14, 0, 'test', '2018-12-24 09:54:06'),
	(15, 7, 12, 0, 'test', '2018-12-24 09:55:16'),
	(16, 7, 14, 12, 'test', '2018-12-24 10:04:03'),
	(17, 7, 14, 14, 'test', '2018-12-24 10:04:49'),
	(18, 7, 1, 0, 'test', '2018-12-24 10:06:29');
/*!40000 ALTER TABLE `comments` ENABLE KEYS */;

-- Dumping structure for table mentori.contacts
CREATE TABLE IF NOT EXISTS `contacts` (
  `id` int(11) NOT NULL AUTO_INCREMENT,
  `name` varchar(255) DEFAULT NULL,
  `email` varchar(255) DEFAULT NULL,
  `message` varchar(5000) DEFAULT NULL,
  `created_at` timestamp NULL DEFAULT CURRENT_TIMESTAMP,
  PRIMARY KEY (`id`)
) ENGINE=InnoDB DEFAULT CHARSET=utf8;

-- Dumping data for table mentori.contacts: ~0 rows (approximately)
/*!40000 ALTER TABLE `contacts` DISABLE KEYS */;
/*!40000 ALTER TABLE `contacts` ENABLE KEYS */;

-- Dumping structure for table mentori.country
CREATE TABLE IF NOT EXISTS `country` (
  `countryid` int(11) NOT NULL AUTO_INCREMENT,
  `sortname` varchar(3) NOT NULL,
  `country` varchar(150) NOT NULL,
  `tcode` varchar(5) NOT NULL,
  PRIMARY KEY (`countryid`)
) ENGINE=InnoDB DEFAULT CHARSET=utf8;

-- Dumping data for table mentori.country: ~0 rows (approximately)
/*!40000 ALTER TABLE `country` DISABLE KEYS */;
/*!40000 ALTER TABLE `country` ENABLE KEYS */;

-- Dumping structure for table mentori.country_list
CREATE TABLE IF NOT EXISTS `country_list` (
  `country_id` int(11) NOT NULL AUTO_INCREMENT,
  `country_name` varchar(100) NOT NULL,
  `code` varchar(20) DEFAULT NULL,
  `status` tinyint(1) NOT NULL,
  PRIMARY KEY (`country_id`)
) ENGINE=InnoDB AUTO_INCREMENT=5 DEFAULT CHARSET=utf8;

-- Dumping data for table mentori.country_list: ~4 rows (approximately)
/*!40000 ALTER TABLE `country_list` DISABLE KEYS */;
INSERT INTO `country_list` (`country_id`, `country_name`, `code`, `status`) VALUES
	(1, 'United States', 'USA', 1),
	(2, 'Canada', 'CA', 1),
	(3, 'Alaska', 'AL', 1),
	(4, 'Australia', 'AUS', 1);
/*!40000 ALTER TABLE `country_list` ENABLE KEYS */;

-- Dumping structure for table mentori.courses
CREATE TABLE IF NOT EXISTS `courses` (
  `course_id` int(11) NOT NULL AUTO_INCREMENT,
  `course` varchar(255) NOT NULL,
  `subject_id` int(11) NOT NULL,
  `status` int(11) NOT NULL DEFAULT '1',
  `created_at` datetime NOT NULL,
  `last_updated` timestamp NOT NULL DEFAULT CURRENT_TIMESTAMP ON UPDATE CURRENT_TIMESTAMP,
  PRIMARY KEY (`course_id`)
) ENGINE=InnoDB AUTO_INCREMENT=399 DEFAULT CHARSET=latin1;

-- Dumping data for table mentori.courses: ~398 rows (approximately)
/*!40000 ALTER TABLE `courses` DISABLE KEYS */;
INSERT INTO `courses` (`course_id`, `course`, `subject_id`, `status`, `created_at`, `last_updated`) VALUES
	(1, 'Act Math', 1, 1, '2018-06-11 17:08:18', '2018-11-15 16:32:25'),
	(2, 'Differential Equations', 1, 1, '2018-06-11 17:08:24', '2018-06-11 04:38:24'),
	(3, 'Financial Accounting', 1, 1, '2018-06-11 17:08:41', '2018-06-11 04:38:41'),
	(4, 'Econometrics', 1, 1, '2018-06-11 17:08:46', '2018-06-11 04:38:46'),
	(5, 'Calculus', 0, 0, '2018-06-11 17:08:51', '2018-11-09 16:45:02'),
	(6, 'Botany', 2, 0, '2018-06-11 17:09:27', '2018-11-02 15:02:27'),
	(7, 'Zoology', 2, 0, '2018-06-11 17:09:33', '2018-11-02 15:02:30'),
	(8, 'LKG', 3, 1, '2018-06-11 17:10:08', '2018-06-11 04:40:08'),
	(9, 'UKG', 3, 1, '2018-06-11 17:10:13', '2018-06-11 04:40:13'),
	(10, '10 th', 4, 1, '2018-06-11 17:10:30', '2018-06-11 04:40:30'),
	(11, 'Chess', 5, 1, '2018-06-11 17:10:44', '2018-06-11 04:40:44'),
	(12, 'test', 1, 0, '0000-00-00 00:00:00', '2018-11-07 10:58:07'),
	(13, 'Cricket', 5, 1, '0000-00-00 00:00:00', '2018-09-24 16:16:29'),
	(14, '21221', 1, 0, '0000-00-00 00:00:00', '2018-10-13 12:47:45'),
	(15, 'chemistry', 2, 0, '0000-00-00 00:00:00', '2018-10-15 10:14:19'),
	(16, 'Cricket', 5, 0, '0000-00-00 00:00:00', '2018-11-15 16:19:43'),
	(17, 'drawing', 6, 0, '0000-00-00 00:00:00', '2018-10-30 15:55:32'),
	(18, 'test', 7, 0, '0000-00-00 00:00:00', '2018-10-30 16:57:59'),
	(19, 'coursename', 8, 0, '0000-00-00 00:00:00', '2018-10-30 17:01:27'),
	(20, 'coursename', 9, 0, '0000-00-00 00:00:00', '2018-10-30 17:02:47'),
	(21, 'coursename', 10, 0, '0000-00-00 00:00:00', '2018-10-31 12:43:03'),
	(22, 'zoology', 6, 0, '0000-00-00 00:00:00', '2018-11-02 15:07:30'),
	(23, 'zoology', 12, 1, '0000-00-00 00:00:00', '2018-11-02 15:07:41'),
	(24, 'chat', 13, 0, '0000-00-00 00:00:00', '2018-11-07 12:43:12'),
	(25, 'chat', 13, 0, '0000-00-00 00:00:00', '2018-11-07 12:43:19'),
	(26, 'Physics', 12, 1, '0000-00-00 00:00:00', '2018-11-15 16:22:15'),
	(27, '', 0, 0, '0000-00-00 00:00:00', '2018-11-09 15:41:38'),
	(28, '', 0, 0, '0000-00-00 00:00:00', '2018-11-09 15:41:40'),
	(29, '', 0, 0, '0000-00-00 00:00:00', '2018-11-09 15:41:31'),
	(30, '', 0, 0, '0000-00-00 00:00:00', '2018-11-09 15:41:48'),
	(31, '', 0, 0, '0000-00-00 00:00:00', '2018-11-09 15:44:08'),
	(32, '', 0, 0, '0000-00-00 00:00:00', '2018-11-09 15:44:19'),
	(33, '', 0, 0, '0000-00-00 00:00:00', '2018-11-09 15:45:02'),
	(34, '', 0, 0, '0000-00-00 00:00:00', '2018-11-09 15:45:07'),
	(35, '', 0, 0, '0000-00-00 00:00:00', '2018-11-09 15:44:39'),
	(36, '', 0, 0, '0000-00-00 00:00:00', '2018-11-09 15:44:35'),
	(37, '', 0, 0, '0000-00-00 00:00:00', '2018-11-09 15:44:32'),
	(38, '', 1, 0, '0000-00-00 00:00:00', '2018-11-09 15:49:17'),
	(39, '', 0, 0, '0000-00-00 00:00:00', '2018-11-15 16:19:49'),
	(40, '', 0, 0, '0000-00-00 00:00:00', '2018-11-15 16:19:51'),
	(41, 'Calculus', 1, 1, '0000-00-00 00:00:00', '2018-11-09 16:45:22'),
	(42, 'Actuarial Science', 1, 1, '0000-00-00 00:00:00', '2018-11-15 16:32:47'),
	(43, 'Algebra 1', 1, 1, '0000-00-00 00:00:00', '2018-11-15 16:33:00'),
	(44, 'Algebra 2', 1, 1, '0000-00-00 00:00:00', '2018-11-15 16:33:10'),
	(45, 'Common Core', 1, 1, '0000-00-00 00:00:00', '2018-11-15 16:33:29'),
	(46, 'Discrete Math', 1, 1, '0000-00-00 00:00:00', '2018-11-15 16:33:49'),
	(47, 'Elementary (K-6th)', 1, 1, '0000-00-00 00:00:00', '2018-11-15 16:34:10'),
	(48, 'Elementary Math', 1, 1, '0000-00-00 00:00:00', '2018-11-15 16:34:30'),
	(49, 'Finite Math', 1, 1, '0000-00-00 00:00:00', '2018-11-15 16:35:01'),
	(50, 'GED', 1, 1, '0000-00-00 00:00:00', '2018-11-15 16:35:13'),
	(51, 'Geometry', 1, 1, '0000-00-00 00:00:00', '2018-11-15 16:35:24'),
	(52, 'GMAT', 1, 1, '0000-00-00 00:00:00', '2018-11-15 16:35:34'),
	(53, 'GRE', 1, 1, '0000-00-00 00:00:00', '2018-11-15 16:35:40'),
	(54, 'Linear Algebra', 1, 1, '0000-00-00 00:00:00', '2018-11-15 16:35:57'),
	(55, 'Logic', 1, 1, '0000-00-00 00:00:00', '2018-11-15 16:36:04'),
	(56, 'Managerial Accounting', 1, 1, '0000-00-00 00:00:00', '2018-11-15 16:36:15'),
	(57, '  Microsoft Excel', 1, 1, '0000-00-00 00:00:00', '2018-11-15 16:36:28'),
	(58, 'Prealgebra', 1, 1, '0000-00-00 00:00:00', '2018-11-15 16:36:34'),
	(59, 'Precalculus', 1, 1, '0000-00-00 00:00:00', '2018-11-15 16:36:43'),
	(60, 'Probability', 1, 1, '0000-00-00 00:00:00', '2018-11-15 16:36:54'),
	(61, 'SAT Math', 1, 1, '0000-00-00 00:00:00', '2018-11-15 16:37:05'),
	(62, 'SPSS', 1, 1, '0000-00-00 00:00:00', '2018-11-15 16:37:12'),
	(63, 'Statistics', 1, 1, '0000-00-00 00:00:00', '2018-11-15 16:37:21'),
	(64, 'Trigonometry', 1, 1, '0000-00-00 00:00:00', '2018-11-15 16:37:32'),
	(65, 'ACT Science', 12, 1, '0000-00-00 00:00:00', '2018-11-15 16:38:37'),
	(66, 'Anatomy', 12, 1, '0000-00-00 00:00:00', '2018-11-15 16:38:45'),
	(67, 'Anthropology', 12, 1, '0000-00-00 00:00:00', '2018-11-15 16:38:53'),
	(68, 'Archaeology', 12, 1, '0000-00-00 00:00:00', '2018-11-15 16:39:02'),
	(69, 'Astronomy', 12, 1, '0000-00-00 00:00:00', '2018-11-15 16:39:12'),
	(70, 'Biochemistry', 12, 1, '0000-00-00 00:00:00', '2018-11-15 16:39:25'),
	(71, 'Biology', 12, 1, '0000-00-00 00:00:00', '2018-11-15 16:39:32'),
	(72, 'Biostatistics', 12, 1, '0000-00-00 00:00:00', '2018-11-15 16:39:44'),
	(73, 'Botany', 12, 1, '0000-00-00 00:00:00', '2018-11-15 16:39:55'),
	(74, 'Chemical Engineering', 12, 1, '0000-00-00 00:00:00', '2018-11-15 16:40:03'),
	(75, 'Chemistry', 12, 1, '0000-00-00 00:00:00', '2018-11-15 16:40:12'),
	(76, 'Civil Engineering', 12, 1, '0000-00-00 00:00:00', '2018-11-15 16:40:22'),
	(77, 'Dentistry', 12, 1, '0000-00-00 00:00:00', '2018-11-15 16:40:29'),
	(78, 'Ecology', 12, 1, '0000-00-00 00:00:00', '2018-11-15 16:40:42'),
	(79, 'Electrical Engineering', 12, 1, '0000-00-00 00:00:00', '2018-11-15 17:18:00'),
	(80, 'Elementary Science', 12, 1, '0000-00-00 00:00:00', '2018-11-15 17:18:07'),
	(81, 'Epidemiology', 12, 1, '0000-00-00 00:00:00', '2018-11-15 17:18:13'),
	(82, 'Genetics', 12, 1, '0000-00-00 00:00:00', '2018-11-15 17:18:19'),
	(83, 'Geology', 12, 1, '0000-00-00 00:00:00', '2018-11-15 17:18:28'),
	(84, 'Mechanical Engineering', 12, 1, '0000-00-00 00:00:00', '2018-11-15 17:18:40'),
	(85, 'Medical Coding', 12, 1, '0000-00-00 00:00:00', '2018-11-15 17:18:46'),
	(86, 'Microbiology', 12, 1, '0000-00-00 00:00:00', '2018-11-15 17:18:52'),
	(87, 'Nursing', 12, 1, '0000-00-00 00:00:00', '2018-11-15 17:18:58'),
	(88, 'Nutrition', 12, 1, '0000-00-00 00:00:00', '2018-11-15 17:19:05'),
	(89, 'Organic Chemistry', 12, 1, '0000-00-00 00:00:00', '2018-11-15 17:19:14'),
	(90, 'Pharmacology', 12, 1, '0000-00-00 00:00:00', '2018-11-15 17:19:20'),
	(91, 'Philosophy', 12, 1, '0000-00-00 00:00:00', '2018-11-15 17:19:26'),
	(92, 'Physical Science', 12, 1, '0000-00-00 00:00:00', '2018-11-15 17:19:36'),
	(93, 'Physics', 12, 1, '0000-00-00 00:00:00', '2018-11-15 17:19:44'),
	(94, 'Physiology', 12, 1, '0000-00-00 00:00:00', '2018-11-15 17:19:50'),
	(95, 'Praxis', 12, 1, '0000-00-00 00:00:00', '2018-11-15 17:19:57'),
	(96, 'PSAT', 12, 1, '0000-00-00 00:00:00', '2018-11-15 17:20:04'),
	(97, 'Psychology', 12, 1, '0000-00-00 00:00:00', '2018-11-15 17:20:10'),
	(98, 'Social Work', 12, 1, '0000-00-00 00:00:00', '2018-11-15 17:20:17'),
	(99, 'Sociology', 12, 1, '0000-00-00 00:00:00', '2018-11-15 17:20:23'),
	(100, 'Zoology', 12, 1, '0000-00-00 00:00:00', '2018-11-15 17:20:28'),
	(101, 'Arabic', 14, 1, '0000-00-00 00:00:00', '2018-11-15 17:20:42'),
	(102, '  Braille', 14, 1, '0000-00-00 00:00:00', '2018-11-15 17:20:55'),
	(103, 'Bulgarian', 14, 1, '0000-00-00 00:00:00', '2018-11-15 17:21:00'),
	(104, 'Chinese', 14, 1, '0000-00-00 00:00:00', '2018-11-15 17:21:04'),
	(105, 'Czech', 14, 1, '0000-00-00 00:00:00', '2018-11-15 17:21:09'),
	(106, 'Dutch', 14, 1, '0000-00-00 00:00:00', '2018-11-15 17:21:12'),
	(107, 'ESL/ESOL', 14, 1, '0000-00-00 00:00:00', '2018-11-15 17:21:18'),
	(108, 'Farsi', 14, 1, '0000-00-00 00:00:00', '2018-11-15 17:21:24'),
	(109, 'French', 14, 1, '0000-00-00 00:00:00', '2018-11-15 17:21:28'),
	(110, 'German', 14, 1, '0000-00-00 00:00:00', '2018-11-15 17:21:34'),
	(111, 'Greek', 14, 1, '0000-00-00 00:00:00', '2018-11-15 17:21:37'),
	(112, 'Hebrew', 14, 1, '0000-00-00 00:00:00', '2018-11-15 17:22:20'),
	(113, 'Hindi', 14, 1, '0000-00-00 00:00:00', '2018-11-15 17:22:25'),
	(114, 'Hungarian', 14, 1, '0000-00-00 00:00:00', '2018-11-15 17:22:29'),
	(115, 'IELTS', 14, 1, '0000-00-00 00:00:00', '2018-11-15 17:22:33'),
	(116, 'Indonesian', 14, 1, '0000-00-00 00:00:00', '2018-11-15 17:22:38'),
	(117, 'Italian', 14, 1, '0000-00-00 00:00:00', '2018-11-15 17:22:43'),
	(118, 'Japanese', 14, 1, '0000-00-00 00:00:00', '2018-11-15 17:22:47'),
	(119, 'Korean', 14, 1, '0000-00-00 00:00:00', '2018-11-15 17:22:50'),
	(120, 'Latin', 14, 1, '0000-00-00 00:00:00', '2018-11-15 17:22:54'),
	(121, 'Polish', 14, 1, '0000-00-00 00:00:00', '2018-11-15 17:22:58'),
	(122, 'Portuguese', 14, 1, '0000-00-00 00:00:00', '2018-11-15 17:23:01'),
	(123, 'Reading', 14, 1, '0000-00-00 00:00:00', '2018-11-15 17:23:05'),
	(124, 'Romanian', 14, 1, '0000-00-00 00:00:00', '2018-11-15 17:23:09'),
	(125, 'Russian', 14, 1, '0000-00-00 00:00:00', '2018-11-15 17:23:12'),
	(126, 'Sign Language', 14, 1, '0000-00-00 00:00:00', '2018-11-15 17:23:16'),
	(127, 'Spanish', 14, 1, '0000-00-00 00:00:00', '2018-11-15 17:23:22'),
	(128, 'Speech', 14, 1, '0000-00-00 00:00:00', '2018-11-15 17:23:27'),
	(129, 'Thai', 14, 1, '0000-00-00 00:00:00', '2018-11-15 17:23:33'),
	(130, 'TOEFL', 14, 1, '0000-00-00 00:00:00', '2018-11-15 17:23:36'),
	(131, 'Turkish', 14, 1, '0000-00-00 00:00:00', '2018-11-15 17:23:40'),
	(132, 'Urdu', 14, 1, '0000-00-00 00:00:00', '2018-11-15 17:23:44'),
	(133, 'USCIS', 14, 1, '0000-00-00 00:00:00', '2018-11-15 17:23:47'),
	(134, 'Vietnamese', 14, 1, '0000-00-00 00:00:00', '2018-11-15 17:23:51'),
	(135, 'Writing', 14, 1, '0000-00-00 00:00:00', '2018-11-15 17:23:55'),
	(136, '  ACT English', 15, 1, '0000-00-00 00:00:00', '2018-11-15 17:24:41'),
	(137, '  ACT Reading', 15, 1, '0000-00-00 00:00:00', '2018-11-15 17:24:45'),
	(138, ' Bible Studies', 15, 1, '0000-00-00 00:00:00', '2018-11-15 17:24:49'),
	(139, 'English', 15, 1, '0000-00-00 00:00:00', '2018-11-15 17:24:53'),
	(140, 'ESL/ESOL', 15, 1, '0000-00-00 00:00:00', '2018-11-15 17:24:57'),
	(141, 'Grammar', 15, 1, '0000-00-00 00:00:00', '2018-11-15 17:25:01'),
	(142, 'IELTS', 15, 1, '0000-00-00 00:00:00', '2018-11-15 17:25:05'),
	(143, 'Linguistics', 15, 1, '0000-00-00 00:00:00', '2018-11-15 17:25:09'),
	(144, 'Literature', 15, 1, '0000-00-00 00:00:00', '2018-11-15 17:25:17'),
	(145, 'Proofreading', 15, 1, '0000-00-00 00:00:00', '2018-11-15 17:25:20'),
	(146, '  Public Speaking', 15, 1, '0000-00-00 00:00:00', '2018-11-15 17:25:27'),
	(147, 'Reading', 15, 1, '0000-00-00 00:00:00', '2018-11-15 17:25:31'),
	(148, 'SAT Reading', 15, 1, '0000-00-00 00:00:00', '2018-11-15 17:25:37'),
	(149, 'SAT Writing', 15, 1, '0000-00-00 00:00:00', '2018-11-15 17:25:41'),
	(150, 'TOEFL', 15, 1, '0000-00-00 00:00:00', '2018-11-15 17:25:45'),
	(151, 'Vocabulary', 15, 1, '0000-00-00 00:00:00', '2018-11-15 17:25:49'),
	(152, 'Writing', 15, 1, '0000-00-00 00:00:00', '2018-11-15 17:25:55'),
	(153, 'Accuplacer', 16, 1, '0000-00-00 00:00:00', '2018-11-15 17:26:06'),
	(154, 'ACT English', 16, 1, '0000-00-00 00:00:00', '2018-11-15 17:26:11'),
	(155, 'ACT Math', 16, 1, '0000-00-00 00:00:00', '2018-11-15 17:26:16'),
	(156, 'ACT Reading', 16, 1, '0000-00-00 00:00:00', '2018-11-15 17:26:23'),
	(157, 'ACT Science', 16, 1, '0000-00-00 00:00:00', '2018-11-15 17:26:27'),
	(158, 'AFOQT', 16, 1, '0000-00-00 00:00:00', '2018-11-15 17:26:30'),
	(159, 'ASVAB', 16, 1, '0000-00-00 00:00:00', '2018-11-15 17:26:35'),
	(160, 'Bar Exam', 16, 1, '0000-00-00 00:00:00', '2018-11-15 17:26:41'),
	(161, 'Career Development', 16, 1, '0000-00-00 00:00:00', '2018-11-15 17:26:48'),
	(162, 'CBEST', 16, 1, '0000-00-00 00:00:00', '2018-11-15 17:26:52'),
	(163, 'CFA', 16, 1, '0000-00-00 00:00:00', '2018-11-15 17:26:56'),
	(164, 'CLAST', 16, 1, '0000-00-00 00:00:00', '2018-11-15 17:27:00'),
	(165, 'College Counseling', 16, 1, '0000-00-00 00:00:00', '2018-11-15 17:27:05'),
	(166, 'Common Core', 16, 1, '0000-00-00 00:00:00', '2018-11-15 17:27:10'),
	(167, 'COOP/HSPT', 16, 1, '0000-00-00 00:00:00', '2018-11-15 17:27:15'),
	(168, 'GED', 16, 1, '0000-00-00 00:00:00', '2018-11-15 17:27:19'),
	(169, 'GMAT', 16, 1, '0000-00-00 00:00:00', '2018-11-15 17:27:23'),
	(170, 'GRE', 16, 1, '0000-00-00 00:00:00', '2018-11-15 17:27:26'),
	(171, 'IELTS', 16, 1, '0000-00-00 00:00:00', '2018-11-15 17:27:29'),
	(172, 'ISEE', 16, 1, '0000-00-00 00:00:00', '2018-11-15 17:27:33'),
	(173, 'LSAT', 16, 1, '0000-00-00 00:00:00', '2018-11-15 17:27:38'),
	(174, 'MCAT', 16, 1, '0000-00-00 00:00:00', '2018-11-15 17:27:41'),
	(175, 'MCSA', 16, 1, '0000-00-00 00:00:00', '2018-11-15 17:27:45'),
	(176, 'Medical Coding', 16, 1, '0000-00-00 00:00:00', '2018-11-15 17:27:49'),
	(177, 'MTLE', 16, 1, '0000-00-00 00:00:00', '2018-11-15 17:27:52'),
	(178, 'NCLEX', 16, 1, '0000-00-00 00:00:00', '2018-11-15 17:27:56'),
	(179, 'Praxis', 16, 1, '0000-00-00 00:00:00', '2018-11-15 17:27:59'),
	(180, 'PSAT', 16, 1, '0000-00-00 00:00:00', '2018-11-15 17:28:03'),
	(181, 'Regents', 16, 1, '0000-00-00 00:00:00', '2018-11-15 17:28:07'),
	(182, '  SAT Math', 16, 1, '0000-00-00 00:00:00', '2018-11-15 17:28:12'),
	(183, 'SAT Reading', 16, 1, '0000-00-00 00:00:00', '2018-11-15 17:28:18'),
	(184, 'SAT Writing', 16, 1, '0000-00-00 00:00:00', '2018-11-15 17:28:23'),
	(185, 'Series 3', 16, 1, '0000-00-00 00:00:00', '2018-11-15 17:28:27'),
	(186, 'Series 6', 16, 1, '0000-00-00 00:00:00', '2018-11-15 17:28:33'),
	(187, 'Series 63', 16, 1, '0000-00-00 00:00:00', '2018-11-15 17:28:40'),
	(188, 'Series 65', 16, 1, '0000-00-00 00:00:00', '2018-11-15 17:28:52'),
	(189, '  Series 66', 16, 1, '0000-00-00 00:00:00', '2018-11-15 17:28:57'),
	(190, 'Series 7', 16, 1, '0000-00-00 00:00:00', '2018-11-15 17:29:01'),
	(191, 'SOL', 16, 1, '0000-00-00 00:00:00', '2018-11-15 17:29:05'),
	(192, 'SSAT', 16, 1, '0000-00-00 00:00:00', '2018-11-15 17:29:09'),
	(193, 'STAAR', 16, 1, '0000-00-00 00:00:00', '2018-11-15 17:29:12'),
	(194, 'TAKS', 16, 1, '0000-00-00 00:00:00', '2018-11-15 17:29:16'),
	(195, 'TEAS', 16, 1, '0000-00-00 00:00:00', '2018-11-15 17:29:22'),
	(196, 'TOEFL', 16, 1, '0000-00-00 00:00:00', '2018-11-15 17:29:26'),
	(197, 'USCIS', 16, 1, '0000-00-00 00:00:00', '2018-11-15 17:29:30'),
	(198, 'USMLE', 16, 1, '0000-00-00 00:00:00', '2018-11-15 17:29:34'),
	(199, 'ADHD', 3, 1, '0000-00-00 00:00:00', '2018-11-15 17:29:52'),
	(200, 'Common Core', 3, 1, '0000-00-00 00:00:00', '2018-11-15 17:30:32'),
	(201, '  Elementary (K-6th)', 3, 1, '0000-00-00 00:00:00', '2018-11-15 17:30:40'),
	(202, 'Elementary Math', 3, 1, '0000-00-00 00:00:00', '2018-11-15 17:30:49'),
	(203, 'Elementary Science', 3, 1, '0000-00-00 00:00:00', '2018-11-15 17:30:55'),
	(204, 'Grammar', 3, 1, '0000-00-00 00:00:00', '2018-11-15 17:31:01'),
	(205, 'Handwriting', 3, 1, '0000-00-00 00:00:00', '2018-11-15 17:31:06'),
	(206, 'Homeschool', 3, 1, '0000-00-00 00:00:00', '2018-11-15 17:31:12'),
	(207, 'Phonics', 3, 1, '0000-00-00 00:00:00', '2018-11-15 17:31:16'),
	(208, 'Reading', 3, 1, '0000-00-00 00:00:00', '2018-11-15 17:31:22'),
	(209, 'Spelling', 3, 1, '0000-00-00 00:00:00', '2018-11-15 17:31:27'),
	(210, 'Study Skills', 3, 1, '0000-00-00 00:00:00', '2018-11-15 17:31:33'),
	(211, 'Vocabulary', 3, 1, '0000-00-00 00:00:00', '2018-11-15 17:31:38'),
	(212, 'Writing', 3, 1, '0000-00-00 00:00:00', '2018-11-15 17:31:44'),
	(213, 'Adobe Flash', 17, 1, '0000-00-00 00:00:00', '2018-11-15 17:31:55'),
	(214, 'Adobe Illustrator', 17, 1, '0000-00-00 00:00:00', '2018-11-15 17:31:59'),
	(215, 'Adobe InDesign', 17, 1, '0000-00-00 00:00:00', '2018-11-15 17:32:04'),
	(216, 'Adobe Lightroom', 17, 1, '0000-00-00 00:00:00', '2018-11-15 17:32:09'),
	(217, 'Adobe Photoshop', 17, 1, '0000-00-00 00:00:00', '2018-11-15 17:32:14'),
	(218, 'Angular', 17, 1, '0000-00-00 00:00:00', '2018-11-15 17:32:18'),
	(219, 'Animation', 17, 1, '0000-00-00 00:00:00', '2018-11-15 17:32:21'),
	(220, 'ASP.NET', 17, 1, '0000-00-00 00:00:00', '2018-11-15 17:32:28'),
	(221, 'AutoCAD', 17, 1, '0000-00-00 00:00:00', '2018-11-15 17:32:33'),
	(222, 'Autodesk Maya', 17, 1, '0000-00-00 00:00:00', '2018-11-15 17:36:58'),
	(223, 'C', 17, 1, '0000-00-00 00:00:00', '2018-11-15 17:37:02'),
	(224, 'C++', 17, 1, '0000-00-00 00:00:00', '2018-11-15 17:37:07'),
	(225, 'C#', 17, 1, '0000-00-00 00:00:00', '2018-11-15 17:37:11'),
	(226, 'COBOL', 17, 1, '0000-00-00 00:00:00', '2018-11-15 17:37:16'),
	(227, 'Computer Engineering', 17, 1, '0000-00-00 00:00:00', '2018-11-15 17:37:23'),
	(228, 'Computer Engineering', 17, 0, '0000-00-00 00:00:00', '2018-11-19 17:47:51'),
	(229, 'Computer Gaming', 17, 1, '0000-00-00 00:00:00', '2018-11-15 17:38:14'),
	(230, 'Computer Programming', 17, 1, '0000-00-00 00:00:00', '2018-11-15 17:38:36'),
	(231, 'Computer Science', 17, 1, '0000-00-00 00:00:00', '2018-11-15 17:38:42'),
	(232, 'CSS', 17, 1, '0000-00-00 00:00:00', '2018-11-15 17:38:45'),
	(233, '  Desktop Publishing', 17, 1, '0000-00-00 00:00:00', '2018-11-15 17:38:50'),
	(234, 'DOS', 17, 1, '0000-00-00 00:00:00', '2018-11-15 17:38:54'),
	(235, 'Dreamweaver', 17, 1, '0000-00-00 00:00:00', '2018-11-15 17:38:57'),
	(236, 'Fortran', 17, 1, '0000-00-00 00:00:00', '2018-11-15 17:39:01'),
	(237, 'General Computer', 17, 1, '0000-00-00 00:00:00', '2018-11-15 17:39:06'),
	(238, 'GIS', 17, 1, '0000-00-00 00:00:00', '2018-11-15 17:39:10'),
	(239, 'Graphic Design', 17, 1, '0000-00-00 00:00:00', '2018-11-15 17:39:15'),
	(240, 'HTML', 17, 1, '0000-00-00 00:00:00', '2018-11-15 17:39:18'),
	(241, 'Java', 17, 1, '0000-00-00 00:00:00', '2018-11-15 17:39:23'),
	(242, 'JavaScript', 17, 1, '0000-00-00 00:00:00', '2018-11-15 17:39:26'),
	(243, 'JQuery', 17, 1, '0000-00-00 00:00:00', '2018-11-15 17:39:31'),
	(244, 'Linux', 17, 1, '0000-00-00 00:00:00', '2018-11-15 17:39:35'),
	(245, 'Macintosh', 17, 1, '0000-00-00 00:00:00', '2018-11-15 17:39:39'),
	(246, 'Mathematica', 17, 1, '0000-00-00 00:00:00', '2018-11-15 17:39:43'),
	(247, 'MATLAB', 17, 1, '0000-00-00 00:00:00', '2018-11-15 17:39:47'),
	(248, 'Microsoft Access', 17, 1, '0000-00-00 00:00:00', '2018-11-15 17:39:51'),
	(249, '  Microsoft Excel', 17, 1, '0000-00-00 00:00:00', '2018-11-15 17:39:57'),
	(250, 'Microsoft Outlook', 17, 1, '0000-00-00 00:00:00', '2018-11-15 17:40:02'),
	(251, '  Microsoft PowerPoint', 17, 1, '0000-00-00 00:00:00', '2018-11-15 17:40:05'),
	(252, 'Microsoft Project', 17, 1, '0000-00-00 00:00:00', '2018-11-15 17:40:10'),
	(253, 'Microsoft Publisher', 17, 1, '0000-00-00 00:00:00', '2018-11-15 17:40:15'),
	(254, 'Microsoft Windows', 17, 1, '0000-00-00 00:00:00', '2018-11-15 17:40:19'),
	(255, 'Microsoft Word', 17, 1, '0000-00-00 00:00:00', '2018-11-15 17:40:23'),
	(256, 'Networking (Computer)', 17, 1, '0000-00-00 00:00:00', '2018-11-15 17:40:30'),
	(257, 'Oracle', 17, 1, '0000-00-00 00:00:00', '2018-11-15 17:40:33'),
	(258, 'Pascal', 17, 1, '0000-00-00 00:00:00', '2018-11-15 17:40:37'),
	(259, 'Perl', 17, 1, '0000-00-00 00:00:00', '2018-11-15 17:40:42'),
	(260, 'Photography', 17, 1, '0000-00-00 00:00:00', '2018-11-15 17:40:46'),
	(261, 'PHP', 17, 1, '0000-00-00 00:00:00', '2018-11-15 17:40:50'),
	(262, 'Python', 17, 1, '0000-00-00 00:00:00', '2018-11-15 17:41:00'),
	(263, 'QuickBooks', 17, 1, '0000-00-00 00:00:00', '2018-11-15 17:41:05'),
	(264, 'R', 17, 1, '0000-00-00 00:00:00', '2018-11-15 17:41:09'),
	(265, 'Revit', 17, 1, '0000-00-00 00:00:00', '2018-11-15 17:41:17'),
	(266, 'Ruby', 17, 1, '0000-00-00 00:00:00', '2018-11-15 17:41:20'),
	(267, 'SAS', 17, 1, '0000-00-00 00:00:00', '2018-11-15 17:41:25'),
	(268, 'Sketchup', 17, 1, '0000-00-00 00:00:00', '2018-11-15 17:41:32'),
	(269, 'Solidworks', 17, 1, '0000-00-00 00:00:00', '2018-11-15 17:41:35'),
	(270, 'SPSS', 17, 1, '0000-00-00 00:00:00', '2018-11-15 17:41:39'),
	(271, 'SQL', 17, 1, '0000-00-00 00:00:00', '2018-11-15 17:41:43'),
	(272, 'STATA', 17, 1, '0000-00-00 00:00:00', '2018-11-15 17:41:46'),
	(273, 'Swift', 17, 1, '0000-00-00 00:00:00', '2018-11-15 17:41:55'),
	(274, 'UNIX', 17, 1, '0000-00-00 00:00:00', '2018-11-15 17:42:01'),
	(275, 'Video Production', 17, 1, '0000-00-00 00:00:00', '2018-11-15 17:42:07'),
	(276, 'Visual Basic', 17, 1, '0000-00-00 00:00:00', '2018-11-15 17:42:11'),
	(277, 'Web Design', 17, 1, '0000-00-00 00:00:00', '2018-11-15 17:42:15'),
	(278, 'Architecture', 18, 1, '0000-00-00 00:00:00', '2018-11-15 17:43:00'),
	(279, 'Business', 18, 1, '0000-00-00 00:00:00', '2018-11-15 17:43:08'),
	(280, 'Career Development', 18, 1, '0000-00-00 00:00:00', '2018-11-15 17:43:25'),
	(281, 'ESL/ESOL', 18, 1, '0000-00-00 00:00:00', '2018-11-15 17:43:29'),
	(282, 'Finance', 18, 1, '0000-00-00 00:00:00', '2018-11-15 17:43:37'),
	(283, 'Financial Accounting', 18, 1, '0000-00-00 00:00:00', '2018-11-15 17:43:40'),
	(284, 'GMAT', 18, 1, '0000-00-00 00:00:00', '2018-11-15 17:43:44'),
	(285, 'GRE', 18, 1, '0000-00-00 00:00:00', '2018-11-15 17:43:48'),
	(286, 'Law', 18, 1, '0000-00-00 00:00:00', '2018-11-15 17:43:54'),
	(287, 'Macroeconomics', 18, 1, '0000-00-00 00:00:00', '2018-11-15 17:43:58'),
	(288, 'Managerial Accounting', 18, 1, '0000-00-00 00:00:00', '2018-11-15 17:44:02'),
	(289, 'Marketing', 18, 1, '0000-00-00 00:00:00', '2018-11-15 17:44:11'),
	(290, 'Microeconomics', 18, 1, '0000-00-00 00:00:00', '2018-11-15 17:44:14'),
	(291, 'Microsoft Excel', 18, 1, '0000-00-00 00:00:00', '2018-11-15 17:44:53'),
	(292, 'Microsoft PowerPoint', 18, 1, '0000-00-00 00:00:00', '2018-11-15 17:44:59'),
	(293, 'Microsoft Word', 18, 1, '0000-00-00 00:00:00', '2018-11-15 17:45:02'),
	(294, 'Project Management', 18, 1, '0000-00-00 00:00:00', '2018-11-15 17:45:06'),
	(295, 'Public Speaking', 18, 1, '0000-00-00 00:00:00', '2018-11-15 17:45:12'),
	(296, 'QuickBooks', 18, 1, '0000-00-00 00:00:00', '2018-11-15 17:45:16'),
	(297, 'Series 3', 18, 1, '0000-00-00 00:00:00', '2018-11-15 17:45:22'),
	(298, 'Series 6', 18, 1, '0000-00-00 00:00:00', '2018-11-15 17:45:27'),
	(299, 'Series 65', 18, 1, '0000-00-00 00:00:00', '2018-11-15 17:45:31'),
	(300, 'Series 66', 18, 1, '0000-00-00 00:00:00', '2018-11-15 17:45:35'),
	(301, 'Series 7', 18, 1, '0000-00-00 00:00:00', '2018-11-15 17:45:40'),
	(302, 'Tax Accounting', 18, 1, '0000-00-00 00:00:00', '2018-11-15 17:45:50'),
	(303, 'Writing', 18, 1, '0000-00-00 00:00:00', '2018-11-15 17:45:54'),
	(304, 'American History', 19, 1, '0000-00-00 00:00:00', '2018-11-15 17:46:25'),
	(305, 'Anthropology', 19, 1, '0000-00-00 00:00:00', '2018-11-15 17:46:29'),
	(306, 'Archaeology', 19, 1, '0000-00-00 00:00:00', '2018-11-15 17:46:32'),
	(307, 'Art History', 19, 1, '0000-00-00 00:00:00', '2018-11-15 17:47:24'),
	(308, 'Classics', 19, 1, '0000-00-00 00:00:00', '2018-11-15 17:47:28'),
	(309, 'Criminal Justice', 19, 1, '0000-00-00 00:00:00', '2018-11-15 17:47:35'),
	(310, 'European History', 19, 1, '0000-00-00 00:00:00', '2018-11-15 17:47:39'),
	(311, 'Geography', 19, 1, '0000-00-00 00:00:00', '2018-11-15 17:47:54'),
	(312, 'Government & Politics', 19, 1, '0000-00-00 00:00:00', '2018-11-15 17:47:58'),
	(313, 'Music History', 19, 1, '0000-00-00 00:00:00', '2018-11-15 17:48:03'),
	(314, '  Political Science', 19, 1, '0000-00-00 00:00:00', '2018-11-15 17:48:06'),
	(315, 'Religion', 19, 1, '0000-00-00 00:00:00', '2018-11-15 17:48:10'),
	(316, 'Social Studies', 19, 1, '0000-00-00 00:00:00', '2018-11-15 17:48:13'),
	(317, 'World History', 19, 1, '0000-00-00 00:00:00', '2018-11-15 17:48:17'),
	(318, 'Writing', 19, 1, '0000-00-00 00:00:00', '2018-11-15 17:48:21'),
	(319, 'Cello', 20, 1, '0000-00-00 00:00:00', '2018-11-15 17:48:31'),
	(320, 'Clarinet', 20, 1, '0000-00-00 00:00:00', '2018-11-15 17:48:34'),
	(321, 'Composition (Music)', 20, 1, '0000-00-00 00:00:00', '2018-11-15 17:48:40'),
	(322, 'Drums', 20, 1, '0000-00-00 00:00:00', '2018-11-15 17:48:44'),
	(323, 'Ear Training', 20, 1, '0000-00-00 00:00:00', '2018-11-15 17:48:49'),
	(324, 'Flute', 20, 1, '0000-00-00 00:00:00', '2018-11-15 17:48:52'),
	(325, 'French Horn', 20, 1, '0000-00-00 00:00:00', '2018-11-15 17:48:57'),
	(326, 'General Music', 20, 1, '0000-00-00 00:00:00', '2018-11-15 17:49:01'),
	(327, 'Guitar', 20, 1, '0000-00-00 00:00:00', '2018-11-15 17:49:06'),
	(328, 'Harp', 20, 1, '0000-00-00 00:00:00', '2018-11-15 17:49:09'),
	(329, 'Music History', 20, 1, '0000-00-00 00:00:00', '2018-11-15 17:49:13'),
	(330, 'Music Production', 20, 1, '0000-00-00 00:00:00', '2018-11-15 17:49:17'),
	(331, 'Music Theory', 20, 1, '0000-00-00 00:00:00', '2018-11-15 17:49:21'),
	(332, 'Oboe', 20, 1, '0000-00-00 00:00:00', '2018-11-15 17:49:27'),
	(333, 'Piano', 20, 1, '0000-00-00 00:00:00', '2018-11-15 17:49:30'),
	(334, 'Salsa Dancing', 20, 1, '0000-00-00 00:00:00', '2018-11-15 17:49:35'),
	(335, 'Saxophone', 20, 1, '0000-00-00 00:00:00', '2018-11-15 17:49:38'),
	(336, 'Sight Singing', 20, 1, '0000-00-00 00:00:00', '2018-11-15 17:49:42'),
	(337, 'Songwriting', 20, 1, '0000-00-00 00:00:00', '2018-11-15 17:49:46'),
	(338, 'Trombone', 20, 1, '0000-00-00 00:00:00', '2018-11-15 17:49:50'),
	(339, 'Trumpet', 20, 1, '0000-00-00 00:00:00', '2018-11-15 17:49:54'),
	(340, 'Violin', 20, 1, '0000-00-00 00:00:00', '2018-11-15 17:49:59'),
	(341, 'Voice (Music)', 20, 1, '0000-00-00 00:00:00', '2018-11-15 17:50:04'),
	(342, 'ADHD', 4, 1, '0000-00-00 00:00:00', '2018-11-15 17:50:21'),
	(343, 'Autism Spectrum Disorder (ASD)', 4, 1, '0000-00-00 00:00:00', '2018-11-15 17:50:29'),
	(344, 'Braille', 4, 1, '0000-00-00 00:00:00', '2018-11-15 17:50:36'),
	(345, 'Common Core', 4, 1, '0000-00-00 00:00:00', '2018-11-15 17:50:41'),
	(346, 'Dyslexia', 4, 1, '0000-00-00 00:00:00', '2018-11-15 17:50:53'),
	(347, 'Elementary (K-6th)', 4, 1, '0000-00-00 00:00:00', '2018-11-15 17:51:01'),
	(348, 'Elementary Math', 4, 1, '0000-00-00 00:00:00', '2018-11-15 17:51:07'),
	(349, 'Elementary Science', 4, 1, '0000-00-00 00:00:00', '2018-11-15 17:51:13'),
	(350, 'Hard of Hearing', 4, 1, '0000-00-00 00:00:00', '2018-11-15 17:51:18'),
	(351, 'Phonics', 4, 1, '0000-00-00 00:00:00', '2018-11-15 17:51:24'),
	(352, 'Reading', 4, 1, '0000-00-00 00:00:00', '2018-11-15 17:51:40'),
	(353, 'Sign Language', 4, 1, '0000-00-00 00:00:00', '2018-11-15 17:51:46'),
	(354, 'Special Needs', 4, 1, '0000-00-00 00:00:00', '2018-11-15 17:51:53'),
	(355, 'Study Skills', 4, 1, '0000-00-00 00:00:00', '2018-11-15 17:51:59'),
	(356, 'Ballet', 21, 1, '0000-00-00 00:00:00', '2018-11-15 17:52:13'),
	(357, 'Ballroom Dancing', 21, 1, '0000-00-00 00:00:00', '2018-11-15 17:52:18'),
	(358, 'Baseball', 21, 1, '0000-00-00 00:00:00', '2018-11-15 17:52:22'),
	(359, 'Basketball', 21, 1, '0000-00-00 00:00:00', '2018-11-15 17:52:26'),
	(360, 'Bodybuilding', 21, 1, '0000-00-00 00:00:00', '2018-11-15 17:52:34'),
	(361, 'Bridge', 21, 1, '0000-00-00 00:00:00', '2018-11-15 17:52:37'),
	(362, 'Chess', 21, 1, '0000-00-00 00:00:00', '2018-11-15 17:52:41'),
	(363, 'Cooking', 21, 1, '0000-00-00 00:00:00', '2018-11-15 17:52:44'),
	(364, 'Fitness', 21, 1, '0000-00-00 00:00:00', '2018-11-15 17:52:48'),
	(365, 'Football', 21, 1, '0000-00-00 00:00:00', '2018-11-15 17:52:51'),
	(366, 'Golf', 21, 1, '0000-00-00 00:00:00', '2018-11-15 17:52:55'),
	(367, 'Lacrosse', 21, 1, '0000-00-00 00:00:00', '2018-11-15 17:52:59'),
	(368, 'Martial Arts', 21, 1, '0000-00-00 00:00:00', '2018-11-15 17:53:03'),
	(369, 'Needlework', 21, 1, '0000-00-00 00:00:00', '2018-11-15 17:53:07'),
	(370, 'Poker', 21, 1, '0000-00-00 00:00:00', '2018-11-15 17:53:10'),
	(371, 'Salsa Dancing', 21, 1, '0000-00-00 00:00:00', '2018-11-15 17:53:14'),
	(372, 'Sewing', 21, 1, '0000-00-00 00:00:00', '2018-11-15 17:53:19'),
	(373, 'Soccer', 21, 1, '0000-00-00 00:00:00', '2018-11-15 17:53:22'),
	(374, 'Softball', 21, 1, '0000-00-00 00:00:00', '2018-11-15 17:53:26'),
	(375, 'Swimming', 21, 1, '0000-00-00 00:00:00', '2018-11-15 17:53:30'),
	(376, 'Table Tennis', 21, 1, '0000-00-00 00:00:00', '2018-11-15 17:53:35'),
	(377, 'Tango', 21, 1, '0000-00-00 00:00:00', '2018-11-15 17:53:39'),
	(378, 'Tennis', 21, 1, '0000-00-00 00:00:00', '2018-11-15 17:53:43'),
	(379, 'Track & Field', 21, 1, '0000-00-00 00:00:00', '2018-11-15 17:53:47'),
	(380, 'Volleyball', 21, 1, '0000-00-00 00:00:00', '2018-11-15 17:53:51'),
	(381, 'Water Polo', 21, 1, '0000-00-00 00:00:00', '2018-11-15 17:53:55'),
	(382, 'Yoga', 21, 1, '0000-00-00 00:00:00', '2018-11-15 17:53:58'),
	(383, 'Adobe Photoshop', 22, 1, '0000-00-00 00:00:00', '2018-11-15 17:54:09'),
	(384, '  Animation', 22, 1, '0000-00-00 00:00:00', '2018-11-15 17:54:13'),
	(385, 'Architecture', 22, 1, '0000-00-00 00:00:00', '2018-11-15 17:54:16'),
	(386, '  Art History', 22, 1, '0000-00-00 00:00:00', '2018-11-15 17:54:21'),
	(387, 'Art Theory', 22, 1, '0000-00-00 00:00:00', '2018-11-15 17:54:25'),
	(388, '  Ballroom Dancing', 22, 1, '0000-00-00 00:00:00', '2018-11-15 17:54:29'),
	(389, '  Composition (Music)', 22, 1, '0000-00-00 00:00:00', '2018-11-15 17:54:33'),
	(390, 'Cosmetology', 22, 1, '0000-00-00 00:00:00', '2018-11-15 17:54:36'),
	(391, 'Drawing', 22, 1, '0000-00-00 00:00:00', '2018-11-15 17:54:40'),
	(392, 'Film', 22, 1, '0000-00-00 00:00:00', '2018-11-15 17:54:46'),
	(393, 'Graphic Design', 22, 1, '0000-00-00 00:00:00', '2018-11-15 17:54:50'),
	(394, '  Painting', 22, 1, '0000-00-00 00:00:00', '2018-11-15 17:54:54'),
	(395, 'Photography', 22, 1, '0000-00-00 00:00:00', '2018-11-15 17:54:58'),
	(396, 'Salsa Dancing', 22, 1, '0000-00-00 00:00:00', '2018-11-15 17:55:01'),
	(397, 'Theater', 22, 1, '0000-00-00 00:00:00', '2018-11-15 17:55:05'),
	(398, 'Video Production', 22, 1, '0000-00-00 00:00:00', '2018-11-15 17:55:09');
/*!40000 ALTER TABLE `courses` ENABLE KEYS */;

-- Dumping structure for table mentori.gallery_categories
CREATE TABLE IF NOT EXISTS `gallery_categories` (
  `id` int(11) NOT NULL AUTO_INCREMENT,
  `name` varchar(255) DEFAULT NULL,
  `created_at` timestamp NULL DEFAULT CURRENT_TIMESTAMP,
  PRIMARY KEY (`id`)
) ENGINE=InnoDB DEFAULT CHARSET=utf8;

-- Dumping data for table mentori.gallery_categories: ~0 rows (approximately)
/*!40000 ALTER TABLE `gallery_categories` DISABLE KEYS */;
/*!40000 ALTER TABLE `gallery_categories` ENABLE KEYS */;

-- Dumping structure for table mentori.general_feedback
CREATE TABLE IF NOT EXISTS `general_feedback` (
  `id` int(11) NOT NULL AUTO_INCREMENT,
  `feedbacker_name` varchar(50) NOT NULL,
  `feedbacker_email` varchar(75) NOT NULL,
  `feedbacker_comment` text NOT NULL,
  `created_date` timestamp NOT NULL DEFAULT CURRENT_TIMESTAMP,
  `delete_sts` int(11) NOT NULL DEFAULT '0' COMMENT '( 0 - Active , 1 -Inactive)',
  PRIMARY KEY (`id`)
) ENGINE=InnoDB DEFAULT CHARSET=latin1;

-- Dumping data for table mentori.general_feedback: ~0 rows (approximately)
/*!40000 ALTER TABLE `general_feedback` DISABLE KEYS */;
/*!40000 ALTER TABLE `general_feedback` ENABLE KEYS */;

-- Dumping structure for table mentori.invite
CREATE TABLE IF NOT EXISTS `invite` (
  `invite_id` int(11) NOT NULL AUTO_INCREMENT,
  `per_hour_charge` varchar(255) DEFAULT NULL,
  `tax_percentage` varchar(255) DEFAULT NULL,
  `tax_amount` varchar(255) DEFAULT NULL,
  `total_hours_charge` varchar(255) DEFAULT NULL,
  `cancelled` varchar(255) NOT NULL,
  `invite_to` int(11) NOT NULL,
  `invite_from` int(11) NOT NULL,
  `from_date_time` datetime NOT NULL,
  `to_date_time` datetime NOT NULL,
  `message` text NOT NULL,
  `invite_date` date NOT NULL,
  `invite_time` time NOT NULL,
  `invite_end_time` time DEFAULT NULL,
  `assign_date` date DEFAULT NULL,
  `assign_time` time DEFAULT NULL,
  `assign_end_time` time DEFAULT NULL,
  `read_status` tinyint(1) NOT NULL,
  `approved` int(11) DEFAULT '0',
  `paid` tinyint(1) NOT NULL,
  `current_status` int(11) NOT NULL DEFAULT '0',
  `delete_sts` tinyint(1) NOT NULL,
  `time_zone` varchar(255) DEFAULT NULL,
  `channel` varchar(255) DEFAULT NULL,
  `session_id` varchar(255) DEFAULT NULL,
  PRIMARY KEY (`invite_id`)
) ENGINE=InnoDB AUTO_INCREMENT=8 DEFAULT CHARSET=utf8;

-- Dumping data for table mentori.invite: ~6 rows (approximately)
/*!40000 ALTER TABLE `invite` DISABLE KEYS */;
INSERT INTO `invite` (`invite_id`, `per_hour_charge`, `tax_percentage`, `tax_amount`, `total_hours_charge`, `cancelled`, `invite_to`, `invite_from`, `from_date_time`, `to_date_time`, `message`, `invite_date`, `invite_time`, `invite_end_time`, `assign_date`, `assign_time`, `assign_end_time`, `read_status`, `approved`, `paid`, `current_status`, `delete_sts`, `time_zone`, `channel`, `session_id`) VALUES
	(1, '10', '18', '1.80', '11.80', '', 12, 14, '2018-12-28 09:00:00', '2018-12-28 10:00:00', 'You have new invitation request from Victoria Barbera', '2018-12-28', '09:00:00', '10:00:00', NULL, NULL, NULL, 0, 0, 0, 0, 0, 'Asia/Kolkata', NULL, '1_MX40NjE0ODA3Mn5-MTU0NTk3MTM1NjU5MH40UGlVdDYvTnZmRGR2a0FNLzRscUFtSi9-fg'),
	(2, '10', '18', '1.80', '11.80', '', 12, 14, '2018-12-28 10:00:00', '2018-12-28 11:00:00', 'You have new invitation request from Victoria Barbera', '2018-12-28', '10:00:00', '11:00:00', NULL, NULL, NULL, 1, 1, 0, 0, 0, 'Asia/Kolkata', '579786c1-6d25-4751-85cd-ece712295d32', '1_MX40NjE0ODA3Mn5-MTU0NTk3MTYxMjQ1Nn5jRloremE5SXhtK0ZNZVdNRmUyQ2xSQ2J-fg'),
	(3, NULL, NULL, NULL, NULL, '', 12, 14, '2018-12-28 11:00:00', '2018-12-28 12:00:00', 'You have new invitation request from Victoria Barbera', '2018-12-28', '11:00:00', '12:00:00', NULL, NULL, NULL, 1, 1, 0, 0, 0, 'Asia/Kolkata', 'f8a9fb40-cb8b-4e33-a415-a11c60b8b1b0', '2_MX40NjE0ODA3Mn5-MTU0NTk3MzAzMDYxNn5tREhGODFVU1BWVVBVT3hLSWhkKzkxT3J-fg'),
	(4, '10', '18', '1.80', '11.80', '', 12, 14, '2018-12-28 12:00:00', '2018-12-28 13:00:00', 'You have new invitation request from Victoria Barbera', '2018-12-28', '12:00:00', '13:00:00', NULL, NULL, NULL, 1, 1, 0, 0, 0, 'Asia/Kolkata', '9059993f-6a15-4283-91df-8d62c117086b', '2_MX40NjE0ODA3Mn5-MTU0NTk4MDQ0NjkyNH5nUks1bWlaS04vWlF2bWs0dTdBNzVrcTB-fg'),
	(5, '10', '18', '1.80', '11.80', '', 12, 14, '2018-12-28 13:00:00', '2018-12-28 14:00:00', '', '2018-12-28', '13:00:00', '14:00:00', NULL, NULL, NULL, 1, 1, 0, 0, 0, 'Asia/Kolkata', '2fe5d2bc-b13b-43a7-b3e7-d6180a4131b3', '2_MX40NjE0ODA3Mn5-MTU0NTk4MTI0NzIwNX45YmxFNVVZS0FIZHRVK1BlN0pLQXZ4NUx-fg'),
	(6, '10', '18', '1.80', '11.80', '', 12, 14, '2018-12-28 15:00:00', '2018-12-28 16:00:00', '', '2018-12-28', '15:00:00', '16:00:00', NULL, NULL, NULL, 0, 0, 0, 0, 0, 'Asia/Kolkata', NULL, '1_MX40NjE0ODA3Mn5-MTU0NTk5MjIyODgxOX5OZW9HNmZOdWYwZ0FJc2p6YnFiMEpGdHl-fg'),
	(7, '10', '18', '1.80', '11.80', '', 12, 14, '2018-12-28 15:00:00', '2018-12-28 16:00:00', '', '2018-12-28', '15:00:00', '16:00:00', NULL, NULL, NULL, 1, 1, 0, 0, 0, 'Asia/Kolkata', 'de53fb03-f7db-4612-98c8-7299a441975e', '1_MX40NjE0ODA3Mn5-MTU0NTk5MjIzMTMxNn5FOU02OTM5dkROaU5IMUtHT2VJSEY1Z3J-fg');
/*!40000 ALTER TABLE `invite` ENABLE KEYS */;

-- Dumping structure for table mentori.invite_applicants
CREATE TABLE IF NOT EXISTS `invite_applicants` (
  `invite_id` int(11) NOT NULL AUTO_INCREMENT,
  `invite_to` int(11) NOT NULL,
  `invite_from` int(11) NOT NULL,
  `subject` varchar(255) DEFAULT NULL,
  `message` text NOT NULL,
  `invite_date` date NOT NULL,
  `invite_time` time NOT NULL,
  `read_status` tinyint(1) NOT NULL,
  `approved` tinyint(1) NOT NULL,
  `paid` tinyint(1) NOT NULL,
  PRIMARY KEY (`invite_id`)
) ENGINE=InnoDB DEFAULT CHARSET=utf8;

-- Dumping data for table mentori.invite_applicants: ~0 rows (approximately)
/*!40000 ALTER TABLE `invite_applicants` DISABLE KEYS */;
/*!40000 ALTER TABLE `invite_applicants` ENABLE KEYS */;

-- Dumping structure for table mentori.mentor_course_details
CREATE TABLE IF NOT EXISTS `mentor_course_details` (
  `id` int(11) NOT NULL AUTO_INCREMENT,
  `mentor_id` int(11) NOT NULL,
  `course_id` int(11) NOT NULL,
  `subject_id` int(11) NOT NULL,
  `years` varchar(255) NOT NULL,
  `months` varchar(255) NOT NULL,
  `status` int(11) NOT NULL DEFAULT '1',
  `created_at` datetime NOT NULL,
  PRIMARY KEY (`id`)
) ENGINE=InnoDB AUTO_INCREMENT=49 DEFAULT CHARSET=latin1;

-- Dumping data for table mentori.mentor_course_details: ~16 rows (approximately)
/*!40000 ALTER TABLE `mentor_course_details` DISABLE KEYS */;
INSERT INTO `mentor_course_details` (`id`, `mentor_id`, `course_id`, `subject_id`, `years`, `months`, `status`, `created_at`) VALUES
	(9, 8, 383, 22, '0', '0', 1, '0000-00-00 00:00:00'),
	(10, 8, 384, 22, '0', '0', 1, '0000-00-00 00:00:00'),
	(17, 13, 383, 22, '', '', 1, '0000-00-00 00:00:00'),
	(18, 13, 384, 22, '', '', 1, '0000-00-00 00:00:00'),
	(28, 4, 383, 22, '1', '1', 1, '0000-00-00 00:00:00'),
	(29, 4, 384, 22, '1', '3', 1, '0000-00-00 00:00:00'),
	(30, 4, 385, 22, '0', '0', 1, '0000-00-00 00:00:00'),
	(31, 4, 386, 22, '0', '0', 1, '0000-00-00 00:00:00'),
	(32, 4, 213, 17, '0', '0', 1, '0000-00-00 00:00:00'),
	(33, 4, 214, 17, '0', '0', 1, '0000-00-00 00:00:00'),
	(34, 4, 217, 17, '0', '0', 1, '0000-00-00 00:00:00'),
	(35, 12, 304, 19, '0', '0', 1, '0000-00-00 00:00:00'),
	(36, 12, 305, 19, '0', '0', 1, '0000-00-00 00:00:00'),
	(46, 14, 383, 22, '0', '0', 1, '0000-00-00 00:00:00'),
	(47, 14, 392, 22, '0', '0', 1, '0000-00-00 00:00:00'),
	(48, 14, 394, 22, '0', '0', 1, '0000-00-00 00:00:00');
/*!40000 ALTER TABLE `mentor_course_details` ENABLE KEYS */;

-- Dumping structure for table mentori.mentor_details
CREATE TABLE IF NOT EXISTS `mentor_details` (
  `id` int(11) NOT NULL AUTO_INCREMENT,
  `mentor_id` int(11) NOT NULL,
  `mentor_phone` varchar(255) NOT NULL,
  `mentor_gender` varchar(255) NOT NULL,
  `dob` date NOT NULL,
  `where_you_heard` varchar(255) NOT NULL,
  `hourly_rate` varchar(255) NOT NULL,
  `under_college` varchar(255) NOT NULL,
  `under_major` varchar(255) NOT NULL,
  `graduate_college` varchar(255) NOT NULL,
  `degree` varchar(255) NOT NULL,
  `address_line1` varchar(255) DEFAULT NULL,
  `address_line2` varchar(255) DEFAULT NULL,
  `city` varchar(255) DEFAULT NULL,
  `state` varchar(255) DEFAULT NULL,
  `country` varchar(255) DEFAULT NULL,
  `postal_code` varchar(8) DEFAULT NULL,
  `mentor_personal_message` text NOT NULL,
  `mentor_charge` decimal(10,2) DEFAULT NULL,
  `charge_type` varchar(255) NOT NULL,
  `created_date` timestamp NOT NULL DEFAULT CURRENT_TIMESTAMP,
  `modified_date` datetime NOT NULL,
  PRIMARY KEY (`id`)
) ENGINE=InnoDB AUTO_INCREMENT=11 DEFAULT CHARSET=latin1;

-- Dumping data for table mentori.mentor_details: ~9 rows (approximately)
/*!40000 ALTER TABLE `mentor_details` DISABLE KEYS */;
INSERT INTO `mentor_details` (`id`, `mentor_id`, `mentor_phone`, `mentor_gender`, `dob`, `where_you_heard`, `hourly_rate`, `under_college`, `under_major`, `graduate_college`, `degree`, `address_line1`, `address_line2`, `city`, `state`, `country`, `postal_code`, `mentor_personal_message`, `mentor_charge`, `charge_type`, `created_date`, `modified_date`) VALUES
	(1, 2, '', '1', '0000-00-00', '', '2', '', '', '', '', '', '', '', '', '', NULL, 'Science Mentor', NULL, 'charge', '2018-11-02 10:42:34', '2018-11-02 10:42:34'),
	(2, 3, '', '1', '0000-00-00', '', '', '', '', '', '', '', '', '', '', '', NULL, 'Beginner Mentee', NULL, '', '2018-11-02 10:45:39', '2018-11-02 05:15:39'),
	(3, 6, '', '1', '1991-02-05', '', '2', 'be', 'ece', '', '', '3/110 pudur,sathyamangalam', '4-115 erode', 'coimbatore', 'tamilnadu', 'India', '123456', 'tester', NULL, 'charge', '2018-11-02 15:09:09', '2018-11-02 10:11:02'),
	(4, 7, '918883791305', '1', '1991-01-30', '', '', '', '', '', '', '3/110,ikkarai negamam', '', 'coimbatore', 'tamilnadu', 'india', '657890', 'design', NULL, '', '2018-11-02 15:39:33', '2018-11-02 10:11:22'),
	(5, 8, '', '2', '1991-03-11', '', '', '', '', '', '', 'tamilnadu, Othakalmandapam,', 'Othakalmandapam,', 'chennai', 'Tamil Nadu', 'India', '588489', 'Lorem ipsum dolor sit amet, consectetur adipisicing elit, sed do eiusmod\r\ntempor incididunt ut labore et dolore magna aliqua. Ut enim ad minim veniam,\r\nquis nostrud exercitation ullamco laboris nisi ut aliquip ex ea commodo\r\nconsequat. Duis aute irure dolor in reprehenderit in voluptate velit esse\r\ncillum dolore eu fugiat nulla pariatur. Excepteur sint occaecat cupidatat non\r\nproident, sunt in culpa qui officia deserunt mollit anim id est laborum.\r\nLorem ipsum dolor sit amet, consectetur adipisicing e', NULL, '', '2018-11-02 15:56:53', '2018-12-04 11:12:00'),
	(6, 4, '', '1', '1970-01-01', '', '0.00', 'PTR College of Engg &amp; Tech', 'Computer Sience and Engg', 'Anna University', 'BE', 'tamilnadu, Othakalmandapam,', 'Othakalmandapam,', 'Coimbatore', 'Tamil Nadu', 'India', '641008', 'New Mentor', NULL, 'free', '2018-11-05 10:32:17', '2018-12-06 07:12:12'),
	(7, 1, '', '1', '2014-12-29', '', '', '', '', '', '', 'tamilnadu, Othakalmandapam,', 'Othakalmandapam,', 'chennai', 'Tamil Nadu', 'India', '588489', 'test', NULL, '', '2018-11-08 17:49:15', '0000-00-00 00:00:00'),
	(8, 12, '', '', '1970-01-01', '', '10', '', '', '', '', '', '', '', '', 'CANADA', '', 'test', NULL, 'charge', '2018-11-24 11:41:35', '2018-12-28 07:12:37'),
	(9, 13, '', '1', '0000-00-00', '', '', '', '', '', '', '', '', '', '', '', NULL, 'Hi i am a new Mentee ', NULL, '', '2018-11-24 11:43:48', '2018-11-24 07:13:48'),
	(10, 14, '', '2', '0000-00-00', '', '', '', '', '', '', '', '', '', '', 'UNITED STATES', NULL, 'Film Mentee ', NULL, '', '2018-11-24 11:52:08', '2018-11-24 07:22:08');
/*!40000 ALTER TABLE `mentor_details` ENABLE KEYS */;

-- Dumping structure for table mentori.mentor_list
CREATE TABLE IF NOT EXISTS `mentor_list` (
  `id` int(11) NOT NULL AUTO_INCREMENT,
  `first_name` varchar(50) NOT NULL,
  `last_name` varchar(50) NOT NULL,
  `email` varchar(75) NOT NULL,
  `password` text NOT NULL,
  `mobile_no` varchar(25) NOT NULL,
  `is_verified` int(11) NOT NULL DEFAULT '1' COMMENT '( 0 - Verified , 1 - Not Verified )',
  `profile_updated` int(11) NOT NULL DEFAULT '1' COMMENT '(0 - Updated , 1 - Not Updated)',
  `delete_sts` int(11) NOT NULL DEFAULT '0' COMMENT '(0 - Active , 1-Inactive)',
  `verification_code` varchar(20) NOT NULL,
  `created_date` timestamp NOT NULL DEFAULT CURRENT_TIMESTAMP,
  `modified` datetime NOT NULL,
  PRIMARY KEY (`id`)
) ENGINE=InnoDB DEFAULT CHARSET=latin1;

-- Dumping data for table mentori.mentor_list: ~0 rows (approximately)
/*!40000 ALTER TABLE `mentor_list` DISABLE KEYS */;
/*!40000 ALTER TABLE `mentor_list` ENABLE KEYS */;

-- Dumping structure for table mentori.newsletters
CREATE TABLE IF NOT EXISTS `newsletters` (
  `id` int(11) NOT NULL AUTO_INCREMENT,
  `email` varchar(255) DEFAULT NULL,
  `created_at` timestamp NULL DEFAULT CURRENT_TIMESTAMP,
  PRIMARY KEY (`id`)
) ENGINE=InnoDB DEFAULT CHARSET=utf8;

-- Dumping data for table mentori.newsletters: ~0 rows (approximately)
/*!40000 ALTER TABLE `newsletters` DISABLE KEYS */;
/*!40000 ALTER TABLE `newsletters` ENABLE KEYS */;

-- Dumping structure for table mentori.notifications
CREATE TABLE IF NOT EXISTS `notifications` (
  `notify_id` int(11) NOT NULL AUTO_INCREMENT,
  `user_id` int(11) NOT NULL,
  `notification_id` int(11) NOT NULL,
  `invite_id` int(11) DEFAULT NULL,
  `text` text NOT NULL,
  `read` int(11) NOT NULL,
  `mentor_message` varchar(255) NOT NULL,
  `mentee_message` varchar(255) NOT NULL,
  `mentor_view` int(11) NOT NULL,
  `mentee_view` int(11) NOT NULL,
  `created_date` datetime DEFAULT NULL,
  `time_zone` varchar(255) DEFAULT NULL,
  PRIMARY KEY (`notify_id`)
) ENGINE=InnoDB AUTO_INCREMENT=12 DEFAULT CHARSET=latin1;

-- Dumping data for table mentori.notifications: ~9 rows (approximately)
/*!40000 ALTER TABLE `notifications` DISABLE KEYS */;
INSERT INTO `notifications` (`notify_id`, `user_id`, `notification_id`, `invite_id`, `text`, `read`, `mentor_message`, `mentee_message`, `mentor_view`, `mentee_view`, `created_date`, `time_zone`) VALUES
	(1, 12, 14, 2, '', 1, 'You have a call request from <a href=\'http://localhost/mentori/mentor-profile/victoriaarebb9\'>Victoria Barbera</a>', 'You request a call to <a href=\'http://localhost/mentori/mentee-profile/jennifereopzl0\'>Jennifer Lopez', 1, 1, '2018-12-28 10:03:30', 'Asia/Kolkata'),
	(2, 12, 14, 2, '', 1, 'You approved call request from Jennifer Lopez', 'Call request accepted by Victoria Barbera', 1, 1, '2018-12-28 10:06:04', 'Asia/Kolkata'),
	(3, 12, 14, 3, '', 1, 'You have a call request from Jennifer Lopez', 'You request a call to Victoria Barbera', 1, 1, '2018-12-28 10:27:08', 'Asia/Kolkata'),
	(4, 14, 12, 3, '', 1, 'You approved call request from Jennifer Lopez', 'Call request accepted by Victoria Barbera', 1, 1, '2018-12-28 10:28:08', 'Asia/Kolkata'),
	(5, 12, 14, 4, '', 1, 'You have a call request from <a href=\'http://localhost/mentori/mentor-profile/victoriaarebb9\'>Victoria Barbera</a>', 'You request a call to <a href=\'http://localhost/mentori/mentee-profile/jennifereopzl0\'>Jennifer Lopez', 1, 1, '2018-12-28 12:30:44', 'Asia/Kolkata'),
	(6, 14, 12, 4, '', 1, 'You approved call request from Jennifer Lopez', 'Call request accepted by Victoria Barbera', 1, 1, '2018-12-28 12:31:08', 'Asia/Kolkata'),
	(7, 12, 14, 5, '', 1, 'You have a call request from <a href=\'http://localhost/mentori/mentor-profile/jennifereopzl0\'>Jennifer Lopez</a>', 'You request a call to <a href=\'http://localhost/mentori/mentee-profile/victoriaarebb9\'>Victoria Barbera</a>', 1, 1, '2018-12-28 12:44:04', 'Asia/Kolkata'),
	(8, 12, 14, 5, '', 1, 'You approved call request from Jennifer Lopez', 'Call request accepted by Victoria Barbera', 1, 1, '2018-12-28 12:44:20', 'Asia/Kolkata'),
	(9, 12, 14, 6, '', 1, 'You have a call request from <a href=\'http://localhost/mentori/mentor-profile/jennifereopzl0\'>Jennifer Lopez</a>', 'You request a call to <a href=\'http://localhost/mentori/mentee-profile/victoriaarebb9\'>Victoria Barbera</a>', 1, 1, '2018-12-28 15:47:09', 'Asia/Kolkata'),
	(10, 12, 14, 7, '', 1, 'You have a call request from <a href=\'http://localhost/mentori/mentor-profile/jennifereopzl0\'>Jennifer Lopez</a>', 'You request a call to <a href=\'http://localhost/mentori/mentee-profile/victoriaarebb9\'>Victoria Barbera</a>', 1, 1, '2018-12-28 15:47:12', 'Asia/Kolkata'),
	(11, 12, 14, 7, '', 1, 'You approved call request from Jennifer Lopez', 'Call request accepted by Victoria Barbera', 1, 0, '2018-12-28 15:47:25', 'Asia/Kolkata');
/*!40000 ALTER TABLE `notifications` ENABLE KEYS */;

-- Dumping structure for table mentori.one_signal_device_details
CREATE TABLE IF NOT EXISTS `one_signal_device_details` (
  `id` int(11) NOT NULL AUTO_INCREMENT,
  `device_id` varchar(255) NOT NULL,
  `device` int(11) NOT NULL,
  `user_id` int(11) NOT NULL,
  `status` int(11) NOT NULL DEFAULT '1',
  `date_created` datetime NOT NULL,
  `last_updated` timestamp NOT NULL DEFAULT CURRENT_TIMESTAMP ON UPDATE CURRENT_TIMESTAMP,
  PRIMARY KEY (`id`)
) ENGINE=InnoDB AUTO_INCREMENT=4 DEFAULT CHARSET=utf8;

-- Dumping data for table mentori.one_signal_device_details: ~2 rows (approximately)
/*!40000 ALTER TABLE `one_signal_device_details` DISABLE KEYS */;
INSERT INTO `one_signal_device_details` (`id`, `device_id`, `device`, `user_id`, `status`, `date_created`, `last_updated`) VALUES
	(1, '1', 0, 8, 1, '0000-00-00 00:00:00', '2018-11-07 15:49:38'),
	(2, '1', 0, 3, 1, '0000-00-00 00:00:00', '2018-11-07 15:50:54'),
	(3, '9f9d0cf5-fad0-4a2d-b94f-9cc268d2dbf3', 0, 12, 1, '0000-00-00 00:00:00', '2018-12-08 11:36:13');
/*!40000 ALTER TABLE `one_signal_device_details` ENABLE KEYS */;

-- Dumping structure for table mentori.pages
CREATE TABLE IF NOT EXISTS `pages` (
  `id` int(11) NOT NULL AUTO_INCREMENT,
  `title` varchar(500) DEFAULT NULL,
  `page_description` varchar(500) DEFAULT NULL,
  `page_keywords` varchar(500) DEFAULT NULL,
  `slug` varchar(500) DEFAULT NULL,
  `is_custom` int(11) DEFAULT '1',
  `page_content` text,
  `page_order` int(11) DEFAULT '5',
  `page_active` int(11) DEFAULT '1',
  `title_active` int(11) DEFAULT '1',
  `breadcrumb_active` int(11) DEFAULT '1',
  `right_column_active` int(11) DEFAULT '1',
  `need_auth` int(11) DEFAULT '0',
  `location` varchar(255) DEFAULT 'header',
  `link` varchar(1000) DEFAULT NULL,
  `parent_id` int(11) DEFAULT '0',
  `created_at` timestamp NULL DEFAULT CURRENT_TIMESTAMP,
  PRIMARY KEY (`id`)
) ENGINE=InnoDB AUTO_INCREMENT=11 DEFAULT CHARSET=utf8;

-- Dumping data for table mentori.pages: ~11 rows (approximately)
/*!40000 ALTER TABLE `pages` DISABLE KEYS */;
INSERT INTO `pages` (`id`, `title`, `page_description`, `page_keywords`, `slug`, `is_custom`, `page_content`, `page_order`, `page_active`, `title_active`, `breadcrumb_active`, `right_column_active`, `need_auth`, `location`, `link`, `parent_id`, `created_at`) VALUES
	(1, 'Home', 'Home Page', 'index, home', 'index', 0, NULL, 1, 1, 1, 1, 1, 0, 'header', 'blog', 0, '2017-12-21 04:51:39'),
	(2, 'Gallery', 'Gallery Page', 'gallery,infinite', 'gallery', 0, NULL, 2, 0, 1, 1, 1, 0, 'header', NULL, 0, '2017-12-21 04:52:50'),
	(3, 'Contact', 'Contact Page', 'contact,infinite', 'contact', 0, '', 3, 0, 1, 1, 1, 0, 'header', NULL, 0, '2017-12-21 04:53:51'),
	(4, 'Login', 'Login Page', 'login,infinite', 'login', 0, NULL, 4, 1, 1, 1, 1, 0, 'none', NULL, 0, '2017-12-21 04:54:51'),
	(5, 'Register', 'Register Page', 'register,infinite', 'register', 0, NULL, 5, 1, 1, 1, 1, 0, 'none', NULL, 0, '2017-12-21 04:55:55'),
	(6, 'Change Password', 'Change Password Page', 'change password,infinite', 'change-password', 0, NULL, 6, 1, 1, 1, 1, 0, 'none', NULL, 0, '2017-12-21 04:56:44'),
	(7, 'Update Profile', 'Update Profile Page', 'update profile,infinite', 'update-profile', 0, NULL, 7, 1, 1, 1, 1, 0, 'none', NULL, 0, '2017-12-21 04:57:23'),
	(8, 'Reading List', 'Reading List Page', 'reading list,infinite', 'reading-list', 0, NULL, 8, 1, 1, 1, 1, 0, 'none', NULL, 0, '2017-12-21 04:58:19'),
	(9, 'Reset Password', 'Reset Password Page', 'reset password,infinite', 'reset-password', 0, NULL, 9, 1, 1, 1, 1, 0, 'none', NULL, 0, '2017-12-21 04:59:06'),
	(10, 'RSS Channels', 'RSS Channels Page', 'RSS channels,infinite', 'rss-channels', 0, NULL, 10, 0, 1, 1, 1, 0, 'none', NULL, 0, '2017-12-21 04:59:45');
/*!40000 ALTER TABLE `pages` ENABLE KEYS */;

-- Dumping structure for table mentori.payments
CREATE TABLE IF NOT EXISTS `payments` (
  `payment_id` int(11) NOT NULL AUTO_INCREMENT,
  `invite_id` int(11) NOT NULL DEFAULT '0',
  `user_id` int(11) NOT NULL,
  `mentor_id` int(11) NOT NULL,
  `stripe_source_id` int(11) NOT NULL,
  `txn_id` varchar(255) COLLATE utf8_unicode_ci NOT NULL,
  `payment_gross` float(10,2) NOT NULL,
  `currency_code` varchar(5) COLLATE utf8_unicode_ci NOT NULL,
  `payer_email` varchar(255) COLLATE utf8_unicode_ci NOT NULL,
  `payment_status` varchar(255) COLLATE utf8_unicode_ci NOT NULL,
  `source` varchar(255) COLLATE utf8_unicode_ci NOT NULL,
  `payment_date` timestamp NOT NULL DEFAULT CURRENT_TIMESTAMP,
  `paypal_token` varchar(255) COLLATE utf8_unicode_ci NOT NULL,
  `stripe_token` varchar(255) COLLATE utf8_unicode_ci NOT NULL,
  `stripe_customer_id` varchar(255) COLLATE utf8_unicode_ci NOT NULL,
  `card_last_digits` varchar(255) COLLATE utf8_unicode_ci NOT NULL,
  `amount` varchar(255) COLLATE utf8_unicode_ci NOT NULL,
  `source_id` varchar(255) COLLATE utf8_unicode_ci NOT NULL,
  `invoice_id` int(11) NOT NULL,
  `invoice_no` varchar(255) COLLATE utf8_unicode_ci NOT NULL,
  `transaction_type` enum('DEBIT','CREDIT') COLLATE utf8_unicode_ci NOT NULL DEFAULT 'CREDIT',
  `per_hour_charge` varchar(255) COLLATE utf8_unicode_ci NOT NULL,
  `handling_charge` varchar(255) COLLATE utf8_unicode_ci NOT NULL,
  `remarks` varchar(255) COLLATE utf8_unicode_ci NOT NULL,
  `role_type` enum('mentor','mentee') COLLATE utf8_unicode_ci NOT NULL DEFAULT 'mentee',
  `payable_charge` varchar(255) COLLATE utf8_unicode_ci NOT NULL,
  PRIMARY KEY (`payment_id`)
) ENGINE=InnoDB AUTO_INCREMENT=20 DEFAULT CHARSET=utf8 COLLATE=utf8_unicode_ci;

-- Dumping data for table mentori.payments: ~19 rows (approximately)
/*!40000 ALTER TABLE `payments` DISABLE KEYS */;
INSERT INTO `payments` (`payment_id`, `invite_id`, `user_id`, `mentor_id`, `stripe_source_id`, `txn_id`, `payment_gross`, `currency_code`, `payer_email`, `payment_status`, `source`, `payment_date`, `paypal_token`, `stripe_token`, `stripe_customer_id`, `card_last_digits`, `amount`, `source_id`, `invoice_id`, `invoice_no`, `transaction_type`, `per_hour_charge`, `handling_charge`, `remarks`, `role_type`, `payable_charge`) VALUES
	(1, 1, 14, 12, 0, '', 11.80, 'USD', '', '0', 'stripe', '2018-12-28 09:59:14', '', 'tok_1DmCyCKa7P4Zc9hCyd0LkKjm', 'cus_EEgKZ20WrNrdOY', '4242', '', '', 0, '', 'CREDIT', '10', '', '', 'mentee', ''),
	(2, 1, 14, 12, 0, '', 11.80, 'USD', '', '0', 'stripe', '2018-12-28 09:59:14', '', 'tok_1DmCyCKa7P4Zc9hCyd0LkKjm', 'cus_EEgKZ20WrNrdOY', '4242', '', '', 0, '', 'DEBIT', '10', '2', '', 'mentor', ''),
	(3, 1, 14, 12, 0, '', 11.80, 'USD', '', '0', 'stripe', '2018-12-28 09:59:14', '', 'tok_1DmCyCKa7P4Zc9hCyd0LkKjm', 'cus_EEgKZ20WrNrdOY', '4242', '', '', 0, '', 'CREDIT', '10', '2', '', 'mentor', '8'),
	(4, 2, 14, 12, 0, 'txn_1DmD7qKa7P4Zc9hCyoiatM4E', 11.80, 'USD', '', '1', 'stripe', '2018-12-28 10:03:29', '', 'tok_1DmD2LKa7P4Zc9hCMuvp1gkb', 'cus_EEgPe2Fa5HH5Ly', '4242', '1180', 'ch_1DmD7qKa7P4Zc9hCIPqEfhpX', 1, 'I00001', 'CREDIT', '10', '', 'Call Charge', 'mentee', ''),
	(5, 2, 14, 12, 0, 'txn_1DmD7qKa7P4Zc9hCyoiatM4E', 11.80, 'USD', '', '1', 'stripe', '2018-12-28 10:03:30', '', 'tok_1DmD2LKa7P4Zc9hCMuvp1gkb', 'cus_EEgPe2Fa5HH5Ly', '4242', '1180', 'ch_1DmD7qKa7P4Zc9hCIPqEfhpX', 1, 'I00001', 'DEBIT', '10', '2', 'Handling Charge For #I00001', 'mentor', ''),
	(6, 2, 14, 12, 0, 'txn_1DmD7qKa7P4Zc9hCyoiatM4E', 11.80, 'USD', '', '1', 'stripe', '2018-12-28 10:03:30', '', 'tok_1DmD2LKa7P4Zc9hCMuvp1gkb', 'cus_EEgPe2Fa5HH5Ly', '4242', '1180', 'ch_1DmD7qKa7P4Zc9hCIPqEfhpX', 1, 'I00001', 'CREDIT', '10', '2', 'After Commission Charge For #I00001', 'mentor', '8'),
	(7, 3, 14, 12, 0, '', 0.00, 'USD', '', '1', '', '2018-12-28 10:27:06', '', '', '', '', '', '', 0, '', 'CREDIT', '', '', '', 'mentee', ''),
	(8, 4, 14, 12, 0, 'txn_1DmFLyKa7P4Zc9hCu3ditrv9', 11.80, 'USD', '', '1', 'stripe', '2018-12-28 12:30:44', '', 'tok_1DmFKoKa7P4Zc9hC04098olT', 'cus_EEimUAPAO6I593', '4242', '1180', 'ch_1DmFLyKa7P4Zc9hCSpR5aPF6', 2, 'I00002', 'CREDIT', '10', '', 'Call Charge', 'mentee', ''),
	(9, 4, 14, 12, 0, 'txn_1DmFLyKa7P4Zc9hCu3ditrv9', 11.80, 'USD', '', '1', 'stripe', '2018-12-28 12:30:44', '', 'tok_1DmFKoKa7P4Zc9hC04098olT', 'cus_EEimUAPAO6I593', '4242', '1180', 'ch_1DmFLyKa7P4Zc9hCSpR5aPF6', 2, 'I00002', 'DEBIT', '10', '2', 'Handling Charge For #I00002', 'mentor', ''),
	(10, 4, 14, 12, 0, 'txn_1DmFLyKa7P4Zc9hCu3ditrv9', 11.80, 'USD', '', '1', 'stripe', '2018-12-28 12:30:44', '', 'tok_1DmFKoKa7P4Zc9hC04098olT', 'cus_EEimUAPAO6I593', '4242', '1180', 'ch_1DmFLyKa7P4Zc9hCSpR5aPF6', 2, 'I00002', 'CREDIT', '10', '2', 'After Commission Charge For #I00002', 'mentor', '8'),
	(11, 5, 14, 12, 0, '', 11.80, 'USD', '', '0', 'stripe', '2018-12-28 12:44:04', '', '', 'cus_EEgKZ20WrNrdOY', '', '', '', 0, '', 'CREDIT', '10', '', '', 'mentee', ''),
	(12, 5, 14, 12, 0, '', 11.80, 'USD', '', '0', 'stripe', '2018-12-28 12:44:04', '', '', 'cus_EEgKZ20WrNrdOY', '', '', '', 0, '', 'DEBIT', '10', '2', '', 'mentor', ''),
	(13, 5, 14, 12, 0, '', 11.80, 'USD', '', '0', 'stripe', '2018-12-28 12:44:04', '', '', 'cus_EEgKZ20WrNrdOY', '', '', '', 0, '', 'CREDIT', '10', '2', '', 'mentor', '8'),
	(14, 6, 14, 12, 0, '', 11.80, 'USD', '', '0', 'stripe', '2018-12-28 15:47:09', '', '', 'cus_EEgKZ20WrNrdOY', '', '', '', 0, '', 'CREDIT', '10', '', '', 'mentee', ''),
	(15, 6, 14, 12, 0, '', 11.80, 'USD', '', '0', 'stripe', '2018-12-28 15:47:09', '', '', 'cus_EEgKZ20WrNrdOY', '', '', '', 0, '', 'DEBIT', '10', '2', '', 'mentor', ''),
	(16, 6, 14, 12, 0, '', 11.80, 'USD', '', '0', 'stripe', '2018-12-28 15:47:09', '', '', 'cus_EEgKZ20WrNrdOY', '', '', '', 0, '', 'CREDIT', '10', '2', '', 'mentor', '8'),
	(17, 7, 14, 12, 0, 'txn_1DmIQ6Ka7P4Zc9hCHwbK84vH', 11.80, 'USD', '', '1', 'stripe', '2018-12-28 15:47:11', '', '', 'cus_EEgKZ20WrNrdOY', '', '1180', 'ch_1DmIQ5Ka7P4Zc9hCiQNVcceu', 3, 'I00003', 'CREDIT', '10', '', 'Call Charge', 'mentee', ''),
	(18, 7, 14, 12, 0, 'txn_1DmIQ6Ka7P4Zc9hCHwbK84vH', 11.80, 'USD', '', '1', 'stripe', '2018-12-28 15:47:11', '', '', 'cus_EEgKZ20WrNrdOY', '', '1180', 'ch_1DmIQ5Ka7P4Zc9hCiQNVcceu', 3, 'I00003', 'DEBIT', '10', '2', 'Handling Charge For #I00003', 'mentor', ''),
	(19, 7, 14, 12, 0, 'txn_1DmIQ6Ka7P4Zc9hCHwbK84vH', 11.80, 'USD', '', '1', 'stripe', '2018-12-28 15:47:12', '', '', 'cus_EEgKZ20WrNrdOY', '', '1180', 'ch_1DmIQ5Ka7P4Zc9hCiQNVcceu', 3, 'I00003', 'CREDIT', '10', '2', 'After Commission Charge For #I00003', 'mentor', '8');
/*!40000 ALTER TABLE `payments` ENABLE KEYS */;

-- Dumping structure for table mentori.payment_settings
CREATE TABLE IF NOT EXISTS `payment_settings` (
  `settings_id` int(11) NOT NULL AUTO_INCREMENT,
  `gateway_name` varchar(255) NOT NULL,
  `publish_key_test` varchar(255) NOT NULL,
  `publish_key_live` varchar(255) NOT NULL,
  `status` int(11) NOT NULL DEFAULT '1',
  `last_modified` timestamp NOT NULL DEFAULT CURRENT_TIMESTAMP ON UPDATE CURRENT_TIMESTAMP,
  PRIMARY KEY (`settings_id`)
) ENGINE=InnoDB AUTO_INCREMENT=2 DEFAULT CHARSET=latin1;

-- Dumping data for table mentori.payment_settings: ~0 rows (approximately)
/*!40000 ALTER TABLE `payment_settings` DISABLE KEYS */;
INSERT INTO `payment_settings` (`settings_id`, `gateway_name`, `publish_key_test`, `publish_key_live`, `status`, `last_modified`) VALUES
	(1, 'stripe', 'pk_test_645yNawcY04jw6A4I5YUGOVc', 'pk_live_0lMIU5kQMxbr5UWfK1HtlxvA', 1, '2018-12-05 16:21:02');
/*!40000 ALTER TABLE `payment_settings` ENABLE KEYS */;

-- Dumping structure for table mentori.pay_request_details
CREATE TABLE IF NOT EXISTS `pay_request_details` (
  `payment_id` int(11) NOT NULL AUTO_INCREMENT,
  `mentor_id` int(11) NOT NULL,
  `request_amount` decimal(8,2) NOT NULL,
  `request_date` date NOT NULL,
  `resolved_date` date NOT NULL,
  `description` varchar(255) NOT NULL,
  `admin_description` varchar(255) NOT NULL,
  `timezone` varchar(255) NOT NULL,
  `status` int(11) NOT NULL DEFAULT '1' COMMENT '1 Request, 2  Paid ,3  Rejected',
  PRIMARY KEY (`payment_id`)
) ENGINE=InnoDB DEFAULT CHARSET=latin1;

-- Dumping data for table mentori.pay_request_details: ~0 rows (approximately)
/*!40000 ALTER TABLE `pay_request_details` DISABLE KEYS */;
/*!40000 ALTER TABLE `pay_request_details` ENABLE KEYS */;

-- Dumping structure for table mentori.photos
CREATE TABLE IF NOT EXISTS `photos` (
  `id` int(11) NOT NULL AUTO_INCREMENT,
  `title` varchar(500) DEFAULT NULL,
  `category_id` int(11) DEFAULT NULL,
  `path_big` varchar(255) DEFAULT NULL,
  `path_small` varchar(255) DEFAULT NULL,
  `created_at` timestamp NULL DEFAULT CURRENT_TIMESTAMP,
  PRIMARY KEY (`id`)
) ENGINE=InnoDB DEFAULT CHARSET=utf8;

-- Dumping data for table mentori.photos: ~0 rows (approximately)
/*!40000 ALTER TABLE `photos` DISABLE KEYS */;
/*!40000 ALTER TABLE `photos` ENABLE KEYS */;

-- Dumping structure for table mentori.posts
CREATE TABLE IF NOT EXISTS `posts` (
  `id` int(11) NOT NULL AUTO_INCREMENT,
  `title` varchar(500) DEFAULT NULL,
  `title_slug` varchar(500) DEFAULT NULL,
  `summary` varchar(1000) DEFAULT NULL,
  `content` longtext,
  `keywords` varchar(500) DEFAULT NULL,
  `user_id` int(11) DEFAULT NULL,
  `category_id` int(11) DEFAULT NULL,
  `subcategory_id` int(11) DEFAULT NULL,
  `image_big` varchar(255) DEFAULT NULL,
  `image_mid` varchar(255) DEFAULT NULL,
  `image_small` varchar(255) DEFAULT NULL,
  `image_slider` varchar(255) DEFAULT NULL,
  `is_slider` int(11) DEFAULT '0',
  `is_picked` int(11) DEFAULT '0',
  `hit` int(11) DEFAULT '0',
  `slider_order` int(11) DEFAULT '0',
  `optional_url` varchar(1000) DEFAULT NULL,
  `need_auth` int(11) DEFAULT '0',
  `visibility` int(11) DEFAULT '1',
  `created_at` timestamp NULL DEFAULT CURRENT_TIMESTAMP,
  PRIMARY KEY (`id`)
) ENGINE=InnoDB AUTO_INCREMENT=9 DEFAULT CHARSET=utf8;

-- Dumping data for table mentori.posts: ~8 rows (approximately)
/*!40000 ALTER TABLE `posts` DISABLE KEYS */;
INSERT INTO `posts` (`id`, `title`, `title_slug`, `summary`, `content`, `keywords`, `user_id`, `category_id`, `subcategory_id`, `image_big`, `image_mid`, `image_small`, `image_slider`, `is_slider`, `is_picked`, `hit`, `slider_order`, `optional_url`, `need_auth`, `visibility`, `created_at`) VALUES
	(1, 'Introduction to mentoring', 'introduction-to-mentoring', '', '<p>Welcome to PHP</p>\r\n', '', 1, 1, 0, 'uploads/images/image_big_1_5c0b91335866f.jpg', 'uploads/images/image_mid_1_5c0b91343cdc3.jpg', 'uploads/images/image_small_1_5c0b9134dc746.jpg', 'uploads/images/image_slider_1_5c0b913507b68.jpg', 1, 1, 5, 0, 'https://www.google.com', 0, 1, '2018-12-08 15:08:59'),
	(2, 'test', 'test', 'tset', '<p>Lorem ipsum dolor sit amet, consectetur adipisicing elit, sed do eiusmod<br />\r\ntempor incididunt ut labore et dolore magna aliqua. Ut enim ad minim veniam,<br />\r\nquis nostrud exercitation ullamco laboris nisi ut aliquip ex ea commodo<br />\r\nconsequat. Duis aute irure dolor in reprehenderit in voluptate velit esse<br />\r\ncillum dolore eu fugiat nulla pariatur. Excepteur sint occaecat cupidatat non<br />\r\nproident, sunt in culpa qui officia deserunt mollit anim id est laborum.</p>\r\n', '', 4, 1, 0, 'uploads/images/image_big_2_5c1255c79ec79.jpg', 'uploads/images/image_mid_2_5c1255c847bdd.jpg', 'uploads/images/image_small_2_5c1255c8d86e8.jpg', 'uploads/images/image_slider_2_5c1255c8ef877.jpg', 1, 0, 3, 0, '', 0, 1, '2018-12-13 18:21:19'),
	(3, 'Mentoring', 'mentoring', 'test', '', 'test', 1, 1, 0, 'uploads/images/image_big_3_5c132fdb69eb8.jpg', 'uploads/images/image_mid_3_5c132fdc11b03.jpg', 'uploads/images/image_small_3_5c132fdca2b02.jpg', 'uploads/images/image_slider_3_5c132fdcb3b66.jpg', 1, 1, 1, 0, '', 0, 1, '2018-12-14 09:51:47'),
	(4, 'Mentoring', 'mentoring-4', '', '', '', 1, 1, 0, 'uploads/images/image_big_4_5c13301c1238f.jpg', 'uploads/images/image_mid_4_5c13301cbf2fa.jpg', 'uploads/images/image_small_4_5c13301d5a7f7.jpg', 'uploads/images/image_slider_4_5c13301d69ebe.jpg', 1, 1, 2, 0, '', 0, 1, '2018-12-14 09:52:51'),
	(5, 'New Mentoring', 'new-mentoring', '', '', '', 1, 1, 0, 'uploads/images/image_big_5_5c1330380c360.jpg', 'uploads/images/image_mid_5_5c133038e1324.jpg', 'uploads/images/image_small_5_5c133039a7633.jpg', 'uploads/images/image_slider_5_5c133039d96d1.jpg', 1, 1, 5, 5, '', 0, 1, '2018-12-14 09:53:19'),
	(6, 'test', 'tes', 'tset', '', 'ests', 1, 1, 0, 'uploads/images/image_big_6_5c1379da9f6eb.jpg', 'uploads/images/image_mid_6_5c1379db5f730.jpg', 'uploads/images/image_small_6_5c1379dbefca6.jpg', 'uploads/images/image_slider_6_5c1379dc13494.jpg', 1, 1, 5, 0, '', 0, 1, '2018-12-14 15:07:30'),
	(7, 'testtestestes', 'testtestestes', 'Lorem ipsum dolor sit amet, consectetur adipisicing elit, sed do eiusmod\r\ntempor incididunt ut labore et dolore magna aliqua. Ut enim ad minim veniam,\r\nquis nostrud exercitation ullamco laboris nisi ut aliquip ex ea commodo\r\nconsequat. Duis aute irure dolor in reprehenderit in voluptate velit esse\r\ncillum dolore eu fugiat nulla pariatur. Excepteur sint occaecat cupidatat non\r\nproident, sunt in culpa qui officia deserunt mollit anim id est laborum.Lorem ipsum dolor sit amet, consectetur adipisicing elit, sed do eiusmod\r\ntempor incididunt ut labore et dolore magna aliqua. Ut enim ad minim veniam,\r\nquis nostrud exercitation ullamco laboris nisi ut aliquip ex ea commodo\r\nconsequat. Duis aute irure dolor in reprehenderit in voluptate velit esse\r\ncillum dolore eu fugiat nulla pariatur. Excepteur sint occaecat cupidatat non\r\nproident, sunt in culpa qui officia deserunt mollit anim id est laborum.Lorem ipsum dolor sit amet, consectetur adipisicing elit, sed do eiusmod\r\ntempor incididunt ut lab', '', '', 4, 1, 3, 'uploads/images/image_big_7_5c1b5d664aff4.jpg', 'uploads/images/image_mid_7_5c1b5d680d0a3.jpg', 'uploads/images/image_small_7_5c1b5d68ea1e1.jpg', 'uploads/images/image_slider_7_5c1b5d694be61.jpg', 1, 0, 7, 0, 'boomi', 0, 1, '2018-12-20 14:44:12'),
	(8, 'dsfsdf', 'dsfsdf', 'sdfsdf', '', '', 4, 4, 0, NULL, NULL, NULL, NULL, 0, 0, 1, 0, '', 0, 1, '2018-12-20 15:55:51');
/*!40000 ALTER TABLE `posts` ENABLE KEYS */;

-- Dumping structure for table mentori.post_images
CREATE TABLE IF NOT EXISTS `post_images` (
  `id` int(11) NOT NULL AUTO_INCREMENT,
  `post_id` int(11) DEFAULT NULL,
  `image_path` varchar(500) DEFAULT NULL,
  `created_at` timestamp NULL DEFAULT CURRENT_TIMESTAMP,
  PRIMARY KEY (`id`)
) ENGINE=InnoDB DEFAULT CHARSET=utf8;

-- Dumping data for table mentori.post_images: ~0 rows (approximately)
/*!40000 ALTER TABLE `post_images` DISABLE KEYS */;
/*!40000 ALTER TABLE `post_images` ENABLE KEYS */;

-- Dumping structure for table mentori.reading_lists
CREATE TABLE IF NOT EXISTS `reading_lists` (
  `id` int(11) NOT NULL AUTO_INCREMENT,
  `post_id` int(11) DEFAULT NULL,
  `user_id` int(11) DEFAULT NULL,
  `created_at` timestamp NULL DEFAULT CURRENT_TIMESTAMP,
  PRIMARY KEY (`id`)
) ENGINE=InnoDB AUTO_INCREMENT=3 DEFAULT CHARSET=utf8;

-- Dumping data for table mentori.reading_lists: ~1 rows (approximately)
/*!40000 ALTER TABLE `reading_lists` DISABLE KEYS */;
INSERT INTO `reading_lists` (`id`, `post_id`, `user_id`, `created_at`) VALUES
	(1, 1, 1, '2018-12-08 15:11:42'),
	(2, 7, 4, '2018-12-20 15:35:48');
/*!40000 ALTER TABLE `reading_lists` ENABLE KEYS */;

-- Dumping structure for table mentori.reviews
CREATE TABLE IF NOT EXISTS `reviews` (
  `review_id` int(10) unsigned NOT NULL AUTO_INCREMENT,
  `user_id` mediumint(8) unsigned NOT NULL,
  `rating` tinyint(1) unsigned NOT NULL,
  `review` mediumtext NOT NULL,
  `reviewer_name` varchar(60) NOT NULL,
  `reviewer_email` varchar(60) NOT NULL,
  `review_date` timestamp NOT NULL DEFAULT CURRENT_TIMESTAMP,
  PRIMARY KEY (`review_id`),
  KEY `review_date` (`review_date`)
) ENGINE=InnoDB DEFAULT CHARSET=utf8;

-- Dumping data for table mentori.reviews: ~0 rows (approximately)
/*!40000 ALTER TABLE `reviews` DISABLE KEYS */;
/*!40000 ALTER TABLE `reviews` ENABLE KEYS */;

-- Dumping structure for table mentori.review_ratings
CREATE TABLE IF NOT EXISTS `review_ratings` (
  `review_rating_id` int(10) unsigned NOT NULL AUTO_INCREMENT,
  `user_id` int(11) DEFAULT NULL,
  `reviewer_id` int(11) DEFAULT NULL,
  `rating` int(11) DEFAULT NULL,
  `helpful` tinyint(1) unsigned NOT NULL,
  `review` text,
  `reviewer_name` varchar(50) DEFAULT NULL,
  `invite_id` int(11) DEFAULT NULL,
  `date_entered` timestamp NOT NULL DEFAULT CURRENT_TIMESTAMP ON UPDATE CURRENT_TIMESTAMP,
  PRIMARY KEY (`review_rating_id`),
  KEY `date_entered` (`date_entered`)
) ENGINE=InnoDB AUTO_INCREMENT=8 DEFAULT CHARSET=utf8;

-- Dumping data for table mentori.review_ratings: ~3 rows (approximately)
/*!40000 ALTER TABLE `review_ratings` DISABLE KEYS */;
INSERT INTO `review_ratings` (`review_rating_id`, `user_id`, `reviewer_id`, `rating`, `helpful`, `review`, `reviewer_name`, `invite_id`, `date_entered`) VALUES
	(1, 4, 8, 5, 1, 'test', 'Nanda Kumar', 32, '2018-11-10 15:50:14'),
	(2, 12, 14, 5, 1, 'Jennifer comments', 'Victoria Barbera', 22, '2018-12-13 10:49:34'),
	(6, 12, 14, 1, 0, 'Nice mentor', 'Victoria Barbera', 26, '2018-12-13 11:00:31'),
	(7, 12, 14, 5, 1, 'Very Good ', 'Victoria Barbera', 2, '2018-12-28 10:15:56');
/*!40000 ALTER TABLE `review_ratings` ENABLE KEYS */;

-- Dumping structure for table mentori.settings
CREATE TABLE IF NOT EXISTS `settings` (
  `id` int(11) NOT NULL AUTO_INCREMENT,
  `layout` varchar(100) DEFAULT 'layout_1',
  `application_name` varchar(255) DEFAULT 'Infinite',
  `site_title` varchar(255) DEFAULT NULL,
  `slider_active` int(11) DEFAULT '1',
  `site_color` varchar(100) DEFAULT 'default',
  `site_lang` varchar(100) DEFAULT 'english',
  `show_pageviews` int(11) DEFAULT '1',
  `show_rss` int(11) DEFAULT '1',
  `facebook_url` varchar(500) DEFAULT NULL,
  `twitter_url` varchar(500) DEFAULT NULL,
  `google_url` varchar(500) DEFAULT NULL,
  `instagram_url` varchar(500) DEFAULT NULL,
  `pinterest_url` varchar(500) DEFAULT NULL,
  `linkedin_url` varchar(500) DEFAULT NULL,
  `vk_url` varchar(500) DEFAULT NULL,
  `optional_url_button_name` varchar(500) DEFAULT 'Click Here to Visit',
  `logo_path` varchar(255) DEFAULT NULL,
  `favicon_path` varchar(255) DEFAULT NULL,
  `about_footer` varchar(1000) DEFAULT NULL,
  `google_analytics` text,
  `contact_text` text,
  `contact_address` varchar(500) DEFAULT NULL,
  `contact_email` varchar(255) DEFAULT NULL,
  `contact_phone` varchar(255) DEFAULT NULL,
  `mail_protocol` varchar(100) DEFAULT 'smtp',
  `mail_host` varchar(255) DEFAULT NULL,
  `mail_port` varchar(255) DEFAULT '587',
  `mail_username` varchar(255) DEFAULT NULL,
  `mail_password` varchar(255) DEFAULT NULL,
  `mail_title` varchar(255) DEFAULT NULL,
  `primary_font` varchar(255) DEFAULT 'open_sans',
  `secondary_font` varchar(255) DEFAULT 'roboto',
  `tertiary_font` varchar(255) DEFAULT 'verdana',
  `facebook_comment` text,
  `pagination_per_page` int(11) DEFAULT '6',
  `copyright` varchar(500) DEFAULT 'Copyright  2018 Infinite - All Rights Reserved.',
  `menu_limit` int(11) DEFAULT '5',
  `registration_system` int(11) DEFAULT '1',
  `comment_system` int(11) DEFAULT '1',
  `head_code` text,
  `created_at` timestamp NULL DEFAULT CURRENT_TIMESTAMP,
  PRIMARY KEY (`id`)
) ENGINE=InnoDB AUTO_INCREMENT=2 DEFAULT CHARSET=utf8;

-- Dumping data for table mentori.settings: ~0 rows (approximately)
/*!40000 ALTER TABLE `settings` DISABLE KEYS */;
INSERT INTO `settings` (`id`, `layout`, `application_name`, `site_title`, `slider_active`, `site_color`, `site_lang`, `show_pageviews`, `show_rss`, `facebook_url`, `twitter_url`, `google_url`, `instagram_url`, `pinterest_url`, `linkedin_url`, `vk_url`, `optional_url_button_name`, `logo_path`, `favicon_path`, `about_footer`, `google_analytics`, `contact_text`, `contact_address`, `contact_email`, `contact_phone`, `mail_protocol`, `mail_host`, `mail_port`, `mail_username`, `mail_password`, `mail_title`, `primary_font`, `secondary_font`, `tertiary_font`, `facebook_comment`, `pagination_per_page`, `copyright`, `menu_limit`, `registration_system`, `comment_system`, `head_code`, `created_at`) VALUES
	(1, 'layout_1', 'Mentoring', 'Mentoring', 1, 'green', 'english', NULL, NULL, '', '', '', '', '', '', '', '', 'assets/images/logo.png', 'assets/images/favicon.png', '', NULL, '', '', '', '', 'smtp', '', '', 'superadmin@admin.com', 'admin123', '', 'open_sans', 'roboto', 'verdana', '', 5, 'Copyright  2018 Mentoring- All Rights Reserved.', 5, NULL, 1, '', '2017-07-06 05:41:07');
/*!40000 ALTER TABLE `settings` ENABLE KEYS */;

-- Dumping structure for table mentori.social_applicant_user
CREATE TABLE IF NOT EXISTS `social_applicant_user` (
  `id` int(11) NOT NULL AUTO_INCREMENT,
  `reference_id` int(50) NOT NULL,
  `oauth_provider` varchar(255) COLLATE utf8_unicode_ci NOT NULL,
  `oauth_uid` varchar(255) COLLATE utf8_unicode_ci NOT NULL,
  `first_name` varchar(255) COLLATE utf8_unicode_ci NOT NULL,
  `last_name` varchar(255) COLLATE utf8_unicode_ci NOT NULL,
  `username` varchar(50) COLLATE utf8_unicode_ci DEFAULT NULL,
  `email` varchar(255) COLLATE utf8_unicode_ci NOT NULL,
  `gender` varchar(10) COLLATE utf8_unicode_ci DEFAULT NULL,
  `locale` varchar(10) COLLATE utf8_unicode_ci DEFAULT NULL,
  `picture_url` varchar(255) COLLATE utf8_unicode_ci DEFAULT NULL,
  `profile_url` varchar(255) COLLATE utf8_unicode_ci DEFAULT NULL,
  `register_type` varchar(255) COLLATE utf8_unicode_ci DEFAULT NULL,
  `created` datetime NOT NULL,
  `modified` datetime NOT NULL,
  `created_date` datetime NOT NULL,
  PRIMARY KEY (`id`)
) ENGINE=InnoDB AUTO_INCREMENT=5 DEFAULT CHARSET=utf8 COLLATE=utf8_unicode_ci;

-- Dumping data for table mentori.social_applicant_user: ~4 rows (approximately)
/*!40000 ALTER TABLE `social_applicant_user` DISABLE KEYS */;
INSERT INTO `social_applicant_user` (`id`, `reference_id`, `oauth_provider`, `oauth_uid`, `first_name`, `last_name`, `username`, `email`, `gender`, `locale`, `picture_url`, `profile_url`, `register_type`, `created`, `modified`, `created_date`) VALUES
	(1, 2, 'google', '', 'Boominathan', 'Elango', NULL, '', NULL, 'en', 'https://lh4.googleusercontent.com/-o4yuRt9Uxqk/AAAAAAAAAAI/AAAAAAAAAAA/ABtNlbBBhBOCIA-ygtTg5HYGemFeQfgNJQ/mo/photo.jpg', 'https://plus.google.com/114636245730675726708', NULL, '0000-00-00 00:00:00', '2018-11-02 05:08:31', '2018-11-02 05:08:31'),
	(2, 3, 'facebook', '2165213756836331', '', '', NULL, '', NULL, NULL, 'http://graph.facebook.com/2165213756836331/picture?width=800', 'https://www.facebook.com/2165213756836331', NULL, '0000-00-00 00:00:00', '0000-00-00 00:00:00', '0000-00-00 00:00:00'),
	(3, 9, 'google', '', 'nandha', 'cit', NULL, '', NULL, 'en', 'https://lh6.googleusercontent.com/-YJ3YGqasT1s/AAAAAAAAAAI/AAAAAAAAAA0/nX8K0nI0GFM/photo.jpg', 'https://plus.google.com/109477069785696908694', NULL, '0000-00-00 00:00:00', '2018-11-08 12:20:03', '2018-11-08 12:20:03'),
	(4, 10, 'google', '', 'Kirubadevi', 'Daniel', NULL, '', NULL, 'en', 'https://lh3.googleusercontent.com/-F4JxmdiHuuU/AAAAAAAAAAI/AAAAAAAAAAA/ABtNlbCRxFfWtVb8A0b5w0drIoCHWVQYCA/mo/photo.jpg', 'https://plus.google.com/116692167879678746494', NULL, '0000-00-00 00:00:00', '2018-11-08 07:52:12', '2018-11-08 07:52:12');
/*!40000 ALTER TABLE `social_applicant_user` ENABLE KEYS */;

-- Dumping structure for table mentori.social_guru_user
CREATE TABLE IF NOT EXISTS `social_guru_user` (
  `id` int(11) NOT NULL AUTO_INCREMENT,
  `reference_id` int(11) NOT NULL,
  `oauth_provider` varchar(255) COLLATE utf8_unicode_ci NOT NULL,
  `oauth_uid` varchar(255) COLLATE utf8_unicode_ci NOT NULL,
  `first_name` varchar(255) COLLATE utf8_unicode_ci NOT NULL,
  `last_name` varchar(255) COLLATE utf8_unicode_ci NOT NULL,
  `email` varchar(255) COLLATE utf8_unicode_ci NOT NULL,
  `gender` varchar(10) COLLATE utf8_unicode_ci NOT NULL,
  `locale` varchar(10) COLLATE utf8_unicode_ci NOT NULL,
  `picture_url` varchar(255) COLLATE utf8_unicode_ci NOT NULL,
  `profile_url` varchar(255) COLLATE utf8_unicode_ci NOT NULL,
  `created` datetime NOT NULL,
  `modified` datetime NOT NULL,
  PRIMARY KEY (`id`)
) ENGINE=InnoDB DEFAULT CHARSET=utf8 COLLATE=utf8_unicode_ci;

-- Dumping data for table mentori.social_guru_user: ~0 rows (approximately)
/*!40000 ALTER TABLE `social_guru_user` DISABLE KEYS */;
/*!40000 ALTER TABLE `social_guru_user` ENABLE KEYS */;

-- Dumping structure for table mentori.state
CREATE TABLE IF NOT EXISTS `state` (
  `id` int(11) NOT NULL AUTO_INCREMENT,
  `statename` varchar(30) NOT NULL,
  `countryid` int(11) NOT NULL DEFAULT '1',
  PRIMARY KEY (`id`)
) ENGINE=InnoDB DEFAULT CHARSET=latin1;

-- Dumping data for table mentori.state: ~0 rows (approximately)
/*!40000 ALTER TABLE `state` DISABLE KEYS */;
/*!40000 ALTER TABLE `state` ENABLE KEYS */;

-- Dumping structure for table mentori.subject
CREATE TABLE IF NOT EXISTS `subject` (
  `subject_id` int(11) NOT NULL AUTO_INCREMENT,
  `subject` varchar(255) NOT NULL,
  `created_at` datetime NOT NULL,
  `last_updated` timestamp NOT NULL DEFAULT CURRENT_TIMESTAMP ON UPDATE CURRENT_TIMESTAMP,
  `status` int(11) NOT NULL DEFAULT '1',
  PRIMARY KEY (`subject_id`)
) ENGINE=InnoDB AUTO_INCREMENT=23 DEFAULT CHARSET=latin1;

-- Dumping data for table mentori.subject: ~17 rows (approximately)
/*!40000 ALTER TABLE `subject` DISABLE KEYS */;
INSERT INTO `subject` (`subject_id`, `subject`, `created_at`, `last_updated`, `status`) VALUES
	(1, 'Mathematics', '2018-06-11 17:08:09', '2018-06-11 04:38:09', 1),
	(3, 'Elementary Education', '2018-06-11 17:09:58', '2018-06-11 04:39:58', 1),
	(4, 'Special Needs', '2018-06-11 17:10:22', '2018-06-11 04:40:22', 1),
	(5, 'Sports', '2018-06-11 17:10:41', '2018-06-11 04:40:41', 1),
	(6, 'Science', '2018-06-11 17:09:15', '2018-11-02 15:02:23', 0),
	(11, 'science', '0000-00-00 00:00:00', '2018-11-02 15:04:54', 0),
	(12, 'Science', '0000-00-00 00:00:00', '2018-11-02 15:05:04', 1),
	(13, 'drawing', '0000-00-00 00:00:00', '2018-11-07 12:43:25', 0),
	(14, 'Language', '0000-00-00 00:00:00', '2018-11-15 17:20:37', 1),
	(15, 'English', '0000-00-00 00:00:00', '2018-11-15 17:24:34', 1),
	(16, 'Test Preparation', '0000-00-00 00:00:00', '2018-11-15 17:26:02', 1),
	(17, 'Computer', '0000-00-00 00:00:00', '2018-11-15 17:31:50', 1),
	(18, 'Business', '0000-00-00 00:00:00', '2018-11-15 17:42:48', 1),
	(19, 'History', '0000-00-00 00:00:00', '2018-11-15 17:46:21', 1),
	(20, 'Music', '0000-00-00 00:00:00', '2018-11-15 17:48:27', 1),
	(21, 'Sports/Recreation', '0000-00-00 00:00:00', '2018-11-15 17:52:09', 1),
	(22, 'Art', '0000-00-00 00:00:00', '2018-11-15 17:54:03', 1);
/*!40000 ALTER TABLE `subject` ENABLE KEYS */;

-- Dumping structure for table mentori.tags
CREATE TABLE IF NOT EXISTS `tags` (
  `id` int(11) NOT NULL AUTO_INCREMENT,
  `post_id` int(11) DEFAULT NULL,
  `tag` varchar(255) DEFAULT NULL,
  `tag_slug` varchar(255) DEFAULT NULL,
  `created_at` timestamp NULL DEFAULT CURRENT_TIMESTAMP,
  PRIMARY KEY (`id`)
) ENGINE=InnoDB AUTO_INCREMENT=3 DEFAULT CHARSET=utf8;

-- Dumping data for table mentori.tags: ~0 rows (approximately)
/*!40000 ALTER TABLE `tags` DISABLE KEYS */;
INSERT INTO `tags` (`id`, `post_id`, `tag`, `tag_slug`, `created_at`) VALUES
	(2, 2, 'test', 'test', '2018-12-13 18:26:34');
/*!40000 ALTER TABLE `tags` ENABLE KEYS */;

-- Dumping structure for table mentori.users
CREATE TABLE IF NOT EXISTS `users` (
  `id` int(11) NOT NULL AUTO_INCREMENT,
  `username` varchar(255) DEFAULT NULL,
  `slug` varchar(255) DEFAULT NULL,
  `email` varchar(255) DEFAULT 'name@domain.com',
  `password` varchar(255) DEFAULT NULL,
  `role` varchar(100) DEFAULT 'user',
  `avatar` varchar(255) DEFAULT NULL,
  `status` int(11) DEFAULT '1',
  `created_at` timestamp NULL DEFAULT CURRENT_TIMESTAMP,
  PRIMARY KEY (`id`)
) ENGINE=InnoDB AUTO_INCREMENT=8 DEFAULT CHARSET=utf8;

-- Dumping data for table mentori.users: ~3 rows (approximately)
/*!40000 ALTER TABLE `users` DISABLE KEYS */;
INSERT INTO `users` (`id`, `username`, `slug`, `email`, `password`, `role`, `avatar`, `status`, `created_at`) VALUES
	(1, 'admin', 'admin', 'superadmin@admin.com', '$2a$08$Xy3iNnRno3YLTdwTBttEWeDOiCqalQsa.jiGMtMLYaLEqCYjNqzTa', 'admin', '', 1, '2017-07-06 05:42:26'),
	(4, 'Victoria Barbera', NULL, 'victoria@yopmail.com', '$2a$08$uCWanyePcwoez841nA8Rsu73/cCc0BzX7epbk42T4puhLZ2MHRvQu', 'author', NULL, 1, '2018-12-13 17:47:12'),
	(5, 'Nanda Kumar', NULL, 'nandha@yopmail.com', '$2a$08$MHcFdve7B13tT/tcuEDbte5hryHsWff53i0bomUkp/WOtJeH9Hl6G', 'author', NULL, 1, '2018-12-14 10:28:53'),
	(6, 'Jennifer Lopez', NULL, 'jennifer30@gmx.com', '$2a$08$..MRONYsT0l6vAZKQNzuSenDYxHrr.xa4EY03LwyzB0ecW2xNfF2C', 'user', NULL, 1, '2018-12-22 15:51:03'),
	(7, 'Anamika ani', NULL, 'anamika@yopmail.com', '$2a$08$X3hh7qZvvRBcH1ZaLhiZae8Yxwx0oBK0Cr4a6gsE..weAfoqxY/n.', 'user', NULL, 1, '2018-12-26 12:19:27');
/*!40000 ALTER TABLE `users` ENABLE KEYS */;

/*!40101 SET SQL_MODE=IFNULL(@OLD_SQL_MODE, '') */;
/*!40014 SET FOREIGN_KEY_CHECKS=IF(@OLD_FOREIGN_KEY_CHECKS IS NULL, 1, @OLD_FOREIGN_KEY_CHECKS) */;
/*!40101 SET CHARACTER_SET_CLIENT=@OLD_CHARACTER_SET_CLIENT */;
